media_en,title_articles,link_articles,date_original
mdpr,ゆきぽよ、制服の平成ギャル姿披露「再現度すごい」「懐かしくて感激」と反響続々,https://news.yahoo.co.jp/articles/5acee41679c70e1ed58dd967fea7bae88579381a,9/11(月) 13:06
mdpr,TWICEモモ、“タトゥー”チラリ 舌ペロオフショットに反響殺到,https://news.yahoo.co.jp/articles/b47cf4307379b297fa29d075a1545f38e3f6f386,9/11(月) 12:53
mdpr,ゆうちゃみ、恋人・K-1玖村将史選手を涙で見守る＜ReBOOT〜K-1 ReBIRTH＞,https://news.yahoo.co.jp/articles/4b0ef600ed71fd85b6b203c0defcb48929644603,9/11(月) 12:41
mdpr,風間俊介、ジャニーズ事務所は「被害者の方々を第一に考えて行動すべき」“懸念していること”も明かす,https://news.yahoo.co.jp/articles/6a3902e2a62c417ae0a33137389dcdc55bb7dbea,9/11(月) 12:29
mdpr,INI松田迅「逃走中」“ポケだち”松丸亮吾との絆が話題に 松丸も感激「今度飲みに行く」,https://news.yahoo.co.jp/articles/e672d5a5e3291305e6974080cba460fba8afe7cb,9/11(月) 12:25
mdpr,多部未華子＆松下洸平ら「いちばんすきな花」は当て書き「silent」村瀬Pから見た“凄み”・起用に至るまでの経緯,https://news.yahoo.co.jp/articles/f5ca32ce09b3458dfeca438b4d0d442e743e18f1,9/11(月) 12:01
mdpr,「silent」村瀬Pが明かす新ドラマのタイトルの意味 主人公４人の名前＆鍵となる“場所”にも言及＜いちばんすきな花＞,https://news.yahoo.co.jp/articles/9c883ac1e41533ccaa3f8f1aaf1a0e62227541ca,9/11(月) 12:00
mdpr,多部未華子・松下洸平ら主演「いちばんすきな花」、「silent」の共通点＆違いとは？生方脚本の魅力を村瀬Pが熱弁,https://news.yahoo.co.jp/articles/11372dcd1113cc3db307007b5db184827bb69851,9/11(月) 12:00
mdpr,藤木直人、体調不良で主演舞台「ハリー・ポッターと呪いの子」休演へ 代役も発表,https://news.yahoo.co.jp/articles/dfe9037b6d3957fec6a8f850e769dd83594b49b2,9/11(月) 11:48
mdpr,井上尚弥「年内に4団体統一・来年は3試合」ファンへ展望語る フルトン選手との激戦も回顧,https://news.yahoo.co.jp/articles/c14020057b2dd605de39cd237441b4b95397bc3d,9/11(月) 11:41
mdpr,二宮和也「VIVANT」乗馬シーンの練習期間は2ヶ月「キャリアを全てぶつけて」撮影裏側語る,https://news.yahoo.co.jp/articles/a539e37a2f6388638c21d277ded3f2b96b8ddf7b,9/11(月) 11:36
mdpr,ゆうちゃみ、恋人・K-1玖村将史選手敗北で涙 現地観戦する姿が話題「愛伝わる」「感動した」,https://news.yahoo.co.jp/articles/b019f118ac15db93ca45409b46057eb446a50765,9/11(月) 11:24
mdpr,2021年3月引退の俳優・冨森ジャスティン、芸能界復帰へ「仮面ライダー」「ハイキュー！！」など出演,https://news.yahoo.co.jp/articles/8ecea270353cbce116c34fc48299528f89a44e7d,9/11(月) 11:17
mdpr,SKY-HI、BMSG三周年前夜に「何かが起こります」匂わせ投稿に注目集まる「ドキドキする」,https://news.yahoo.co.jp/articles/df1a647557fd925580f4a433b15f692db2c9d5b2,9/11(月) 10:53
mdpr,新木優子、結婚願望が「27歳までに」から「いつでもいい」に変わった理由,https://news.yahoo.co.jp/articles/07b05ee1599a92f52a5525efdce759998b373e4c,9/11(月) 10:46
mdpr,櫻坂46、7枚目シングル「承認欲求」リリース決定 フォーメーション発表日も解禁,https://news.yahoo.co.jp/articles/6f12adc71b9fdd6b7f7b5ea8ae73917a13c85e38,9/11(月) 10:00
mdpr,Netflix版「オオカミちゃんには騙されない」JU!iE、最終回の弾き語りシーンは「観るたびに感情的に」楽曲に込めた想いとは＜「Polaroid」独占コメント＞,https://news.yahoo.co.jp/articles/4794afb30cde136b8f1d372caf8e9dcc934f84cc,9/11(月) 10:00
mdpr,＜らんまん 第117話あらすじ＞万太郎が会ってみたい人物とは？,https://news.yahoo.co.jp/articles/26433637a099a139c4d7e1a7a6cfb5c3a1ac1e87,9/11(月) 8:15
mdpr,「BOYS PLANET」出身TOZアントニー＆ハルト、初コンセプトフォト公開 清涼感＆遊び心…魅力溢れる,https://news.yahoo.co.jp/articles/2328bdfe8d6bdaad50d8143794775a8d8cd4e8ac,9/11(月) 8:00
mdpr,Hey! Say! JUMP山田涼介＆浜辺美波、静かで切ないラブストーリーで主演 特報映像・ティザービジュアルも初解禁＜サイレントラブ＞,https://news.yahoo.co.jp/articles/25284f7eaafd89f7f380e92b1b168f2762dd1fca,9/11(月) 7:00
mdpr,宮澤エマ・志田未来・吉瀬美智子・三田佳子 菅野美穂主演「ゆりあ先生の赤い糸」出演決定,https://news.yahoo.co.jp/articles/192f0270a7efe2342ca84a68c137dc58569b0605,9/11(月) 7:00
mdpr,＜真夏のシンデレラ 第10話＞健人、夏海に交際申し込む,https://news.yahoo.co.jp/articles/51ecf1e761aaa2e63f2cb6eb379759200c75f4af,9/11(月) 7:00
mdpr,＜紅さすライフ 第8話＞雅人・頼子・光が三角関係に？予想外の“恋の波乱”巻き起こる,https://news.yahoo.co.jp/articles/3468b9436d662d31376fb8abfdf8a772f4d11621,9/11(月) 7:00
mdpr,＜転職の魔王様 第9話＞来栖＆千晴“師弟コンビ”が動き出す 明かされる洋子の過去とは,https://news.yahoo.co.jp/articles/a238c7d1875071a10aa59c01c83b9134a72a78f7,9/11(月) 7:00
mdpr,SixTONES田中樹、ジャニーズWEST重岡大毅・新木優子・高梨臨と“禁断の四角関係”描く「単身花日」出演決定,https://news.yahoo.co.jp/articles/9e8aee882fd8f3219c981a9d1c75743168b4afb0,9/11(月) 6:00
mdpr,波瑠「こっち向いてよ向井くん」撮了 赤楚衛二からのサプライズに驚き,https://news.yahoo.co.jp/articles/4ac10be86e053c155e837be8638bcc15d661d70b,9/11(月) 6:00
mdpr,篠原涼子＆山崎育三郎、W主演で韓国人気ドラマ「ハイエナ」リメイク決定,https://news.yahoo.co.jp/articles/73bd11047d9e31542e1427005940790e59a02cdc,9/11(月) 6:00
mdpr,桜井ユキ“月9”2クール連続出演決定「ONE DAY〜聖夜のから騒ぎ〜」追加キャスト解禁,https://news.yahoo.co.jp/articles/c34492f662efebb6db3dd08744893f249ffb3fd7,9/11(月) 5:30
mdpr,僕が見たかった青空、ニッポン放送初レギュラー番組決定 早崎すずきが単独パーソナリティ務める＜君と奏でるラジオ＞,https://news.yahoo.co.jp/articles/6b51badad36a29ae1dd8c3803421b9d5122de579,9/11(月) 5:00
mdpr,“還暦で放送大学入学”麻木久仁子、受講した全科目が最高評価の「マルA」大学生活語る,https://news.yahoo.co.jp/articles/20e50279ac610d54e69f9135b4c09e1388e79f4d,9/11(月) 5:00
mdpr,Snow Man渡辺翔太、ラウールから“もちもち”と表現され「相当しているってことだね」,https://news.yahoo.co.jp/articles/e9947f67f23480049933b03a35572322b8d28fba,9/11(月) 4:00
mdpr,「VIVANT」新たな日本のモニターは誰？重要キャラ4人浮上で考察盛り上がる,https://news.yahoo.co.jp/articles/914e4475e2b26250dec52af9a928ff56c0792771,9/11(月) 0:49
mdpr,「VIVANT」ベキ（役所広司）、ノコル（二宮和也）との出会い・アディエル＆ジャミーンとの関係性…壮絶過去発覚で「胸が痛い」「涙腺崩壊」の声,https://news.yahoo.co.jp/articles/2fe173cd9cc675826e0d56368811f63bbd228fb5,9/11(月) 0:14
mdpr,齋藤飛鳥、乃木坂46卒業後初「anan」ソロ表紙でオトナの表情 日常の楽しみ＆最近の変化も語る,https://news.yahoo.co.jp/articles/7bd1660f1d4a4641f4ba51e89866a4058e12013a,9/11(月) 0:00
mdpr,鷲見玲奈、美デコルテにドキッ,https://news.yahoo.co.jp/articles/3ccb7828ddd69320dae63f7c6bc98f1f52cacc02,9/11(月) 0:00
mdpr,「VIVANT」乃木（堺雅人）がどんでん返し ラスト1秒に衝撃の声止まず「助けて」「来週で終わるなんて信じられない」,https://news.yahoo.co.jp/articles/72b4a84e0d87039c587cf32d962dd14063692c86,9/10(日) 23:14
mdpr,＜VIVANT 最終話＞40年の時を超えた宿命の物語の結末は？,https://news.yahoo.co.jp/articles/c76df511160d7c884b2d5b90798d6f99c1b92d83,9/10(日) 22:54
mdpr,HiHi Jets作間龍斗“推し”はAぇ! group末澤誠也「ステージに立ってる姿に惚れてしまって…」,https://news.yahoo.co.jp/articles/2ac5b75a8b55092665cc4fc701c4e65c159d1446,9/10(日) 22:40
mdpr,HiHi Jets井上瑞稀、作間龍斗の家に居候していた “爆弾発言”の真相明かす,https://news.yahoo.co.jp/articles/4e5b4f6e836943e576c179a869561e48899b0338,9/10(日) 22:30
mdpr,「VIVANT」ノコル（二宮和也）、拷問中の“スマホ”はアドリブだった 理由＆意図を本人が解説,https://news.yahoo.co.jp/articles/705ab563ca2fd3c9ccc0bcb89704f3600be00b07,9/10(日) 21:49
mdpr,平野紫耀、インスタフォロワー400万人突破で自身の“トリセツ”公開「可愛すぎる」「特別感あって嬉しい」と反響,https://news.yahoo.co.jp/articles/9926178322d33be6252c3e9749c1210e44d66c5e,9/10(日) 21:26
mdpr,「VIVANT」堺雅人＆二階堂ふみのキス・翌朝シーン、二宮和也らの生実況が「面白すぎる」「秀逸なツッコミ」と話題,https://news.yahoo.co.jp/articles/f37f23dd07b66342a15d56c0b837f5470a3b474c,9/10(日) 21:24
mdpr,中澤裕子・辻希美らモーニング娘。OG集結 高橋愛は涙浮かべる「至福のときでした」＜Hello！ Project 25th ANNIVERSARY CONCERT＞,https://news.yahoo.co.jp/articles/b45a5cdb9c7f98086fa8c80d833238efd4406f35,9/10(日) 21:00
mdpr,「VIVANT」二階堂ふみ、薫の“別班説”に意味深コメント 川島明「生放送なので迂闊な発言は…」,https://news.yahoo.co.jp/articles/6130af332d26ab06b773a6e179d404cf5e915114,9/10(日) 19:47
mdpr,「VIVANT」緊急生放送、TBSに1000人のファン殺到 堺雅人・阿部寛・二階堂ふみらレッドカーペット歩く,https://news.yahoo.co.jp/articles/3bcadb81ec4c6a8cbe7233b9befb67766f849cb8,9/10(日) 19:22
mdpr,忍野さら、改名を発表「1つ1つ大切に積み上げていきたい」,https://news.yahoo.co.jp/articles/af49929ef36e8b74ec2925a9cec9e8cc3b9ae899,9/10(日) 19:12
mdpr,NHK民放6局がスペシャル番組で連動　NHKに各局アナ集結「まさかこんな日が来るとは」＜1.5°Cの約束キャンペーン＞,https://news.yahoo.co.jp/articles/1d828b7b6ea081de1f182654987cadd931d9082c,9/10(日) 18:08
mdpr,BE:FIRST・LEO、映画館での鑑賞を自制した理由 RYOKIが“粗品風”にツッコミ「世間的に評価されるタイプ」＜BE:the ONE＞,https://news.yahoo.co.jp/articles/7ca63f80fbcbeaac47dda845aac9712b3d35645e,9/10(日) 18:02
mdpr,乃木坂46から麻雀の世界へ　中田花奈「すごく良い人生だと思います」挫折を乗り越え“好き”を仕事にして掴んだ誇り＜モデルプレスインタビュー＞,https://news.yahoo.co.jp/articles/5a0fa4c730bcc948134f3a9c77d4092c73e888f0,9/10(日) 18:00
mdpr,Billlie初「関コレ」でインタビュー 今後の意気込み・夢を叶えるための秘訣は？,https://news.yahoo.co.jp/articles/c1c8ddef1522368f03e5c4e9cb4de5900f82d21c,9/10(日) 18:00
mdpr,BE:FIRST「MANATO当たりすぎ」「毎回SHUNTO出す」家族の鑑賞報告で“特典交換会”提案？＜BE:the ONE＞,https://news.yahoo.co.jp/articles/4c8601a27559761be174697b3cdf1b1b5750256d,9/10(日) 17:59
mdpr,BE:FIRST「映画第2弾があるとしたら？」に珍回答連発 “初挑戦”でもお茶目な仕草見せる＜BE:the ONE＞,https://news.yahoo.co.jp/articles/c9e23627613a13fb40ba9bdefa2af910a7aabaa6,9/10(日) 17:57
mdpr,SKY-HI、BE:FIRSTの映画ヒットに「喋っていて泣きそうです」“自身が考案”キャッチコピーに込めた3つの意味とは＜BE:the ONE＞,https://news.yahoo.co.jp/articles/fb1c37d814b7a6b60d88d983459aeb72c9ef2747,9/10(日) 17:55
mdpr,＜Netflix「オオカミ」両想いペアインタビュー＞大珠「絶対オオカミちゃん」と疑われたほのかを一途に思い続けられた理由 “実際に話していたら分かる”魅力語る,https://news.yahoo.co.jp/articles/cbf856b01c3c17afa232e3a72c302dc159beca17,9/10(日) 17:00
mdpr,&TEAM、初の単独海外公演で熱い歓声 “先輩”BTS・LE SSERAFIMらのダンスにもチャレンジ＜&TEAM 1st Anniversary ［縁 DAY］in SEOUL＞,https://news.yahoo.co.jp/articles/d369d581f2fdb64035b4cdd8114f36482f161589,9/10(日) 17:00
mdpr,赤楚衛二、二宮和也提案“お家時間の過ごし方”に困惑,https://news.yahoo.co.jp/articles/6aedd5310ccb1071e6a3ddcc8cc69862a712682b,9/10(日) 16:36
mdpr,KinKi Kids堂本剛、グループが長続きする秘訣とは ソロ活動との違いも語る,https://news.yahoo.co.jp/articles/c30b8bb35fc30327b65f050b19b1ea11cb66275d,9/10(日) 15:33
mdpr,KinKi Kids堂本剛、10代で過換気症候群・パニック障害に 上京後の苦悩告白「よく頑張ったな」,https://news.yahoo.co.jp/articles/6578e0e6658a27581b455b23299a62053c177ee5,9/10(日) 15:09
mdpr,和田アキ子、ジャニーズ性加害問題に私見 社名存続は「茨の道」,https://news.yahoo.co.jp/articles/c32ba6f5ece569609814f587b4a82cdae6afe3fe,9/10(日) 14:38
mdpr,LE SSERAFIM・SAKURA、ライブ前に不可欠な食べ物明かす「お母さんにいつも送ってもらっています」,https://news.yahoo.co.jp/articles/dfa65f2291031978832c574cd6196731e930f622,9/10(日) 14:18
mdpr,乃木坂46井上和、久保史緒里から「20歳になるまではやりなさい」と言われたこととは？,https://news.yahoo.co.jp/articles/3df23f42025ed316499d1a3390b1e0b261afef9e,9/10(日) 13:49
mdpr,秋元康氏の新アイドルプロジェクト、最終候補者27人決定 12月デビュー目指し最終投票へ＜IDOL3.0 PROJECT＞,https://news.yahoo.co.jp/articles/d16cba22f4b3696378bc86384a7e43ea83d397bd,9/10(日) 13:30
mdpr,菅田将暉、自らオファーでスカパラとコラボ実現「るろうに剣心」オープニングテーマ担当決定,https://news.yahoo.co.jp/articles/bd315692436d769600aa95e5abbcc7cb49f02b71,9/10(日) 13:30
mdpr,BE:FIRST・SOTA、背中を押してくれる楽曲とは「僕に合わせて書いてくれているんじゃないか」,https://news.yahoo.co.jp/articles/a456999be2f73c28b0c5716b7c36bd1c984e4cfb,9/10(日) 13:24
mdpr,菅田将暉「60代の女性の方と殴り合ったり」プライベートでの新たな出会い語る,https://news.yahoo.co.jp/articles/f370cdd419e43456f8ef0388bfda3adca9edb456,9/10(日) 13:15
mdpr,和田アキ子、膝関節手術のため入院へ 「アッコにおまかせ！」で報告,https://news.yahoo.co.jp/articles/e05741235bdbe9e536231a811d21025bff37a68f,9/10(日) 13:09
mdpr,松下洸平が“裸キャラ”になった理由 菅田将暉＆柴咲コウが「ミステリと言う勿れ」現場での様子明かす,https://news.yahoo.co.jp/articles/902da7634a1568163c6deaf50356bb63751c472e,9/10(日) 13:00
mdpr,松下洸平「今日の夜にでも引っ越せます」ミニマリストぶりに衝撃の声,https://news.yahoo.co.jp/articles/fbdf952a88a23145d80b22a1d4185fec7a4a51ba,9/10(日) 12:36
mdpr,BE:FIRST・LEO、25歳迎え心境に変化 抱負も語る,https://news.yahoo.co.jp/articles/bea0d97aea968c6d095edcb555aa5198f9778e4c,9/10(日) 12:32
mdpr,菅田将暉、LINE未読は“1万件超え” 松下洸平は1ヶ月未読無視される,https://news.yahoo.co.jp/articles/e0d23c048ef40d9f91afade76bbc4cddddcd934b,9/10(日) 12:07
mdpr,菅田将暉、山田孝之のユニークな差し入れ明かす「最高でした」,https://news.yahoo.co.jp/articles/e8a94d159a538d84678e0cea595585ad1ae22169,9/10(日) 12:01
mdpr,「VIVANT」高梨臨、乃木憂助（堺雅人）の母・明美は「物語にとても深く関わってくる」意識したこととは＜インタビュー＞,https://news.yahoo.co.jp/articles/f3cd661cc1e7a9b9c33650ef7f213f0cf0ff9fcf,9/10(日) 12:00
mdpr,武井壮＆松村沙友理、鈴木亮平主演「下剋上球児」スピンオフ企画MCに決定,https://news.yahoo.co.jp/articles/855c8fce5ea60e87deec6f875e31e65b34fcf1b1,9/10(日) 12:00
mdpr,SixTONES田中樹＆ジェシー「ANN」で斬新エンディング「初めての終わり方」「神回」の声,https://news.yahoo.co.jp/articles/28f76c891ec72ae5daabafd60db8aa2df4f69079,9/10(日) 11:44
mdpr,新婚・藤田ニコル「サンジャポ」で結婚指輪初披露「昨日届いて…」,https://news.yahoo.co.jp/articles/4bc162a0dd326a49d83dddd89e759344eaa9e52a,9/10(日) 11:37
mdpr,SixTONESジェシー「DREAM BOYS」観劇 森本慎太郎＆田中樹の“チャンプ役”の違い分析,https://news.yahoo.co.jp/articles/0fcc6e9c1a0d169de57c612ddcace7dd37afdf65,9/10(日) 11:24
mdpr,Snow Man阿部亮平、岩本照とのスリル体験明かす「怖くて息がどんどん上がっちゃう」,https://news.yahoo.co.jp/articles/3e5d4775d2de6cd7a9440e356c34afaedf4f2445,9/10(日) 11:07
mdpr,なにわ男子・西畑大吾＆高橋恭平、道枝駿佑からの手紙に感激「心に沁みた」,https://news.yahoo.co.jp/articles/48d47f362d4ace4b803b30eb00e1e7166dff5072,9/10(日) 11:06
mdpr,Snow Man佐久間大介、間違えて人気俳優の車に乗った過去「友達だったんで…」,https://news.yahoo.co.jp/articles/92e4e8ded0cc2e4bb6d7cc91d436de366bd9615e,9/10(日) 10:54
mdpr,なにわ男子・高橋恭平、Snow Man佐久間大介の“宮田愛”に感服「嫉妬だらけ」,https://news.yahoo.co.jp/articles/f450213d50f696537a08c1c7f9d56b35167b1b48,9/10(日) 10:45
mdpr,KAT-TUN中丸雄一、ジャニーズ社名は「客観的に見ると変えていくのが妥当」本音も吐露,https://news.yahoo.co.jp/articles/4f69733b5283338512475f90860ba5d12f13ee77,9/10(日) 9:55
mdpr,「VIVANT」林遣都、若き日のベキ役に強い覚悟「とても苦しい立場」＜インタビュー＞,https://news.yahoo.co.jp/articles/f49e4b263edb88970d4575851723e5b9a0f6342d,9/10(日) 9:00
mdpr,KAT-TUN中丸雄一、東山紀之の新社長就任は「被害者の方を第一に考えた結果」ジャニーズ会見に見解,https://news.yahoo.co.jp/articles/d0665d0828aaae8ccf69fa50033685c30a67b8bb,9/10(日) 8:12
mdpr,「VIVANT」唯一未だ出演せず＆役名不明で話題・馬場徹とは？日曜劇場12作品出演＜プロフィール＞,https://news.yahoo.co.jp/articles/79094af8398ce0d1660cc50058bdda7807429ca0,9/10(日) 7:00
mdpr,＜何曜日に生まれたの 第5話＞すい、悠馬とハグ…バイク事故の真犯人判明,https://news.yahoo.co.jp/articles/88575d011c4229691169e7f643a4c5a5bb3944cd,9/10(日) 7:00
mdpr,東山紀之降板の「サンデーLIVE！！」番組冒頭で説明 野上慎平アナが代役務める,https://news.yahoo.co.jp/articles/1ac0be2ff0ba941edf6ff137f3d0d62be95baaff,9/10(日) 6:04
mdpr,Sexy Zone中島健人、念願の「相葉マナブ」初登場 相葉雅紀との“6年間果たせていない約束”明かす,https://news.yahoo.co.jp/articles/67ec16cfdb50fc203bba671a2b8eeb6307de3205,9/10(日) 6:00
mdpr,生田絵梨花「こっち向いてよ向井くん」撮了 赤楚衛二がサプライズで駆けつける,https://news.yahoo.co.jp/articles/86c542dd006c95eb8235a65cf8afeaf580a4f4dd,9/10(日) 6:00
mdpr,Snow Man渡辺翔太＆SixTONES森本慎太郎、ジャニーズ会見受け心境語る「僕たちができることは…」「すごく複雑」＜DREAM BOYS＞,https://news.yahoo.co.jp/articles/62014f04b90a12fb4d1538c59d07075a9dfe6dd0,9/10(日) 4:00
mdpr,Snow Man渡辺翔太、佐久間大介から舞台初日朝に届いたLINEにがっかり「ちょっとイラッとした」＜DREAM BOYS＞,https://news.yahoo.co.jp/articles/bf23e3bba93a2c3c50540fab9e175abfe58bfe31,9/10(日) 4:00
mdpr,Snow Man渡辺翔太、アドリブシーン苦戦 ゲネプロ舞台上で堂々嘆く「全部光一のせい」＜DREAM BOYS＞,https://news.yahoo.co.jp/articles/aabc8ded126bee9910bf1fe524ecd39448957f46,9/10(日) 4:00
mdpr,Snow Man渡辺翔太＆SixTONES森本慎太郎、4年ぶり復活の客席上フライングは直談判「頼む光一飛ばせてくれ」＜DREAM BOYS＞,https://news.yahoo.co.jp/articles/056a22278af38556b6d586408fa8a7f225ce1462,9/10(日) 4:00
mdpr,＜「DREAM BOYS」初日囲み取材全文＞Snow Man渡辺翔太、主演舞台開幕で重圧 SixTONES森本慎太郎と“帰還”の思いも語る「胸がいっぱい」,https://news.yahoo.co.jp/articles/14b45e13905b68206e785550063118d973dc63f4,9/10(日) 4:00
mdpr,Snow Man渡辺翔太、KAT-TUN亀梨和也「DREAM BOYS」ゲネプロ鑑賞で早速“喝” 裏でのやりとり明かす,https://news.yahoo.co.jp/articles/39be8fb77fb04d3b180aa0d6818444c73a966c03,9/10(日) 4:00
mdpr,Snow Man渡辺翔太＆SixTONES森本慎太郎、1番の苦労は“堂本光一とのコミュニケーション”「一生目が合わない」理由も説明＜DREAM BOYS＞,https://news.yahoo.co.jp/articles/66154680be1cd57b07565c4da43e35d0be140f62,9/10(日) 4:00
mdpr,なにわ男子・大橋和也、深夜のゲリラインライで眠れなくなるファン続出「彼氏感」「これは恋」,https://news.yahoo.co.jp/articles/a6e38ebc7b242b558cd473142f90227d3a512932,9/10(日) 2:17
mdpr,「最高の教師」鵜久森（芦田愛菜）の死の真犯人に新たな候補？生徒3人の“行動”に疑いの声「何かある」,https://news.yahoo.co.jp/articles/931111f7361843fe22e708d7b19bffd10f6ac3fd,9/10(日) 0:05
mdpr,STU48尾崎世里花、部屋着姿で美脚チラリ,https://news.yahoo.co.jp/articles/b539bcce500e98c7db809282ade2aba9921d5fdc,9/10(日) 0:00
mdpr,「最高の教師」相楽（加藤清史郎）がついに本音 “約6分”涙の独白シーンに反響「リアルで引き込まれた」,https://news.yahoo.co.jp/articles/2b7d54b81661028b027ca5f8edc3090cf57d960b,9/9(土) 23:38
mdpr,日向坂46松田好花「ANN0」月1出演へ 「オードリーANN」直後の枠に「未だ信じられない」,https://news.yahoo.co.jp/articles/c68d826919c3f8cfe908288d013c73d1248b87d1,9/9(土) 22:30
mdpr,乃木坂46賀喜遥香、約1ヶ月の夏休みへ 医師の助言受け,https://news.yahoo.co.jp/articles/c594db83bbb3dff33879c5b6eb093b4d791a19d3,9/9(土) 21:19
mdpr,YouTuberコンビ・ヴァンゆん、解散を発表＜コメント全文＞,https://news.yahoo.co.jp/articles/05d76cbb0cfb928060bed1e8f60ed60ee99c2784,9/9(土) 21:04
mdpr,「日プガールズ」練習生、球場で迫力パフォーマンス 櫻井美羽が始球式務める,https://news.yahoo.co.jp/articles/55ea6a06a7d3ad129b3d79a89d63897319a5d8c0,9/9(土) 20:25
mdpr,二宮和也、上裸姿で痛々しい内出血公開「アクション俳優だからしょうがないぜ」,https://news.yahoo.co.jp/articles/314bf83ea2567cd74062f178415504c1b48ccc63,9/9(土) 20:16
mdpr,超特急・新メンバー4人の“担当”は？「ドジっ子2」「陽キャ」…個性あふれる回答＜Eight Beats＞,https://news.yahoo.co.jp/articles/dac18a8aa30d0aa50655064cdbe5823fe1541371,9/9(土) 20:00
mdpr,関ジャニ∞、アニメ「め組の大吾 救国のオレンジ」OP主題歌に決定＜アンスロポス＞,https://news.yahoo.co.jp/articles/9ba48e7bd59a7b7a262ad6075e2d5e84eb964dc6,9/9(土) 20:00
mdpr,休養中の鈴木京香、スタッフが現状報告「順調に回復」,https://news.yahoo.co.jp/articles/33164fb7115655f990f084e6ffba44e2a7bc92c1,9/9(土) 19:57
mdpr,HIKAKIN、骨折で全治3ヶ月 あまりの激痛に「泣いてました」,https://news.yahoo.co.jp/articles/6f9edbfb992208e15525286d6ab5fbd27edb508f,9/9(土) 19:41
mdpr,Snow Man阿部亮平、意外なアーティストとの交流告白 佐久間大介も羨む「大好きなんだよね」,https://news.yahoo.co.jp/articles/4e5ebee069ca4942473eb957648fd6195b7a74a0,9/9(土) 19:16
mdpr,あの「ゴミ箱蹴ったり寝っ転がったりしてた」過去 ブレイク後の変化明かす,https://news.yahoo.co.jp/articles/66575a35d4b7d30f28ba43c2a438686e6543c182,9/9(土) 18:47
mdpr,松村沙友理「シュンって感じです」麒麟・川島明が原因で悩む,https://news.yahoo.co.jp/articles/3c47c6d12b1ec0778c5f80739dcd45999e865cda,9/9(土) 18:33
mdpr,東山紀之降板の「バース・デイ」別ナレーションで進行 ジャニーズ会見後初の放送,https://news.yahoo.co.jp/articles/477216cf62a91e051120bb3b6229d9af143553fc,9/9(土) 18:16
mdpr,「VIVANT」最終回直前、飯田Pが緊急コメント発表 第1話との“繋がり”も匂わせ？,https://news.yahoo.co.jp/articles/30f7cff4a2b8911224945af1bde352f844a76001,9/9(土) 18:00
mdpr,Snow Man深澤辰哉、クレジットカード上限達し使用不可に「止まっちゃったみたいです」,https://news.yahoo.co.jp/articles/f6b20d7a8e5b88b9e5b4ad97698eca118a4e2312,9/9(土) 17:55
mdpr,「ミステリと言う勿れ」原菜乃華＆萩原利久、なんば・渋谷にサプライズ登場 街中ざわつく,https://news.yahoo.co.jp/articles/e5be3e3ad175b49e1817cc62eaa846910ed0aa74,9/9(土) 17:40
mdpr,「K-1 GIRLS」一ノ瀬のこ＆安藤京香、注目選手・カード紹介 10日に横浜アリーナにて開催,https://news.yahoo.co.jp/articles/7927c83f349981b8eaf8324eb240f4ff03d1969b,9/9(土) 17:16
mdpr,＜Netflix「オオカミ」両想いペアインタビュー＞FAKY・Mikako、マサキに決めたタイミングは？全員集合写真撮影で“距離が空いていた”裏話も,https://news.yahoo.co.jp/articles/36193e176e497e8d5bcfc7ccd6033f8e10a5c1f0,9/9(土) 17:00
mdpr,「VIVANT」富栄ドラム、第1話登場シーンのためにダイエット エキストラオーディションから出演決定へ＜インタビュー＞,https://news.yahoo.co.jp/articles/6915cb3a45eee718dfba72a0419c42019161cd02,9/9(土) 17:00
mdpr,クリエイター・ロイ、法政大学卒業を報告「ほんとに大変だった」,https://news.yahoo.co.jp/articles/6aa9f171ccb8b4aeac53345a66a59c331e38bb4d,9/9(土) 16:53
mdpr,芳根京子、“奇跡の縁”を感じた場所「パワースポットみたいに思っています」＜京＞,https://news.yahoo.co.jp/articles/7979304a218bc03cb2e949e602bc07f93e3521ff,9/9(土) 16:41
mdpr,芳根京子、初主演ドラマ「表参道高校合唱部！」は青春だった デビュー10周年を回顧＜京＞,https://news.yahoo.co.jp/articles/cdea03705999cea80533c7f3b26edaafb2447302,9/9(土) 16:26
mdpr,「オールナイトフジコ」現役女子大生ユニット“フジコーズ”、2期生募集オーディション開催,https://news.yahoo.co.jp/articles/194db6fb347477d0a7893a79cbfda329d5577e83,9/9(土) 16:12
mdpr,ジャニーズWEST中間淳太、性加害問題受け謝罪 言葉詰まらせ社名への思い吐露「最悪です」,https://news.yahoo.co.jp/articles/d0803242371d4f946f3c4e1c2294ef629f4eb2ea,9/9(土) 15:45
mdpr,JO1、グループ初のユニット曲決定 3rdアルバム「EQUINOX」ジャケット写真も解禁,https://news.yahoo.co.jp/articles/9960b1277c74f7f3291a5f456c17c82477881e4f,9/9(土) 15:36
mdpr,平野紫耀、お茶目なモグモグショット公開 動画の“一言”にも注目集まる「国宝級の笑顔」「最高の癒やし」,https://news.yahoo.co.jp/articles/4f0abfc4431dd7bbfef80ece017f2d9442364cc2,9/9(土) 15:04
mdpr,FANTASY BOYS、10月にデビュー公演決定＜日程・会場＞,https://news.yahoo.co.jp/articles/a0d4c408c449a82532b7e3dd05077c05e9fa959d,9/9(土) 14:40
mdpr,Snow Manラウール、AIのライブにキッズダンサーで出演していた “約10年ぶり”再会に感激,https://news.yahoo.co.jp/articles/18b23ba3ac25c07ccdddf960257eba2677b4b7ad,9/9(土) 14:02
mdpr,JO1豆原一成＆與那城奨、2人で映画鑑賞の裏話告白で暴露も「印象的だったので」＜夜が明けたら、いちばんに君に会いにいく＞,https://news.yahoo.co.jp/articles/041d1c6f7cefa19397955a010a630c59e931ec95,9/9(土) 13:14
mdpr,菅田将暉＆小松菜奈夫妻、同じ画像投稿で“匂わせ”？「鳥肌立った」「お洒落なサプライズ」と興奮の声,https://news.yahoo.co.jp/articles/b1686ea7d65cd79490b05981e65bdc3247eabfee,9/9(土) 12:54
mdpr,川西拓実、JO1で空気を読めるのは「0」思わぬ結果に会場どよめく＜夜が明けたら、いちばんに君に会いにいく＞,https://news.yahoo.co.jp/articles/b781bdad61d191a0ade424227c7c0ac924c50e0c,9/9(土) 12:46
mdpr,星野源、妻・新垣結衣との休日の過ごし方明かす「家族で…」,https://news.yahoo.co.jp/articles/a2fe53be2007bd44f9cf4b3d3b569e9c1a8ad8d2,9/9(土) 12:37
mdpr,INI松田迅“長年の夢”実現に喜び「幸せです本当に」,https://news.yahoo.co.jp/articles/1071b4571c2caba8507879be134f1043f35e6de1,9/9(土) 12:29
mdpr,星野源、自身が救われた存在・アーティストとしての夢語る,https://news.yahoo.co.jp/articles/34e61ea462b8c31161ff698c65315c9371c728bd,9/9(土) 12:10
mdpr,“INI最年長”西洸人、メンバーからの「おじさん」呼び明かす,https://news.yahoo.co.jp/articles/98d3913a635ee966d28525ea2e3fcd08e8612376,9/9(土) 12:09
mdpr,TikTokでバズる超ときめき宣伝部、制服姿にドキッ,https://news.yahoo.co.jp/articles/56bf33d0e90c3de4527a43a19031ab812192f77f,9/9(土) 12:00
mdpr,新婚のアンガールズ田中卓志、結婚後の変化語る,https://news.yahoo.co.jp/articles/fede66edbedd3c894a72110d13f4dcdebae20ae4,9/9(土) 11:56
mdpr,星野源「SUN」制作秘話 バナナマン日村勇紀のためについた“嘘”明かす「なんでこんなに日村さんに固執してるんだろう」,https://news.yahoo.co.jp/articles/faa3367aaae4192097a10fd1d368cf72a4b448e3,9/9(土) 11:54
mdpr,JO1白岩瑠姫、河野純喜と至近距離で劇中シーン再現＜夜が明けたら、いちばんに君に会いにいく＞,https://news.yahoo.co.jp/articles/26d527612f59d1868dd46a3caf2a0a0037a7ecc4,9/9(土) 11:46
mdpr,FANTASTICS佐藤大樹、メンバー同士の喧嘩理由に驚き「最終的に3人で泣きながらハグ」,https://news.yahoo.co.jp/articles/8188997a37f80db7002ba6dd45ccf40eaa5fbfca,9/9(土) 11:32
mdpr,松村沙友理「負けたくない」ライバル・学生時代からの憧れの存在明かす,https://news.yahoo.co.jp/articles/406893f083c39b33f4a8daa58ed899e45ca1de34,9/9(土) 11:18
mdpr,菅田将暉、最近ハマっていること告白「支配されてる」,https://news.yahoo.co.jp/articles/bc87606dc8bdf2c4ee4d8a6f8669023687c05a12,9/9(土) 11:00
mdpr,菅田将暉「いただきハイジャンプ」ゲスト出演 10年来の友人・山田涼介と後輩＆互いへの想い語る,https://news.yahoo.co.jp/articles/d996440c743cf31beb5bd4ebd25b2c9f73d41912,9/9(土) 11:00
mdpr,菅田将暉、役者仲間と音楽仲間の明確な違い明かす バンド写真にバカリズムも驚き「なかなか見ないよ」,https://news.yahoo.co.jp/articles/100f6c452ab95a909a1ba3386a8dd01b470b2568,9/9(土) 10:55
mdpr,AmBitious岡佑吏、ジャニーズ社名継続にコメント「被害者の事を考えると…」,https://news.yahoo.co.jp/articles/4555692c335e6779f2cef0cd49078423864fbf17,9/9(土) 10:50
mdpr,「テニミュ」D-BOYS三津谷亮、9月末で芸能界引退へ「心身の不調か見受けられ」デビュー15周年に感謝も＜コメント全文＞,https://news.yahoo.co.jp/articles/43918ae3db1981b229baecd0294d18d1bba27d80,9/9(土) 10:27
mdpr,相葉雅紀、“毎年恒例”家族旅行へ 夏休みの思い出回顧,https://news.yahoo.co.jp/articles/c9f2f50fee8ab3a2c79330e36cb4fd4a2e7fef87,9/9(土) 10:07
mdpr,＜ギフテッド 第5話＞那月、さらわれた夕也を救い出せるか 連続殺人事件を捜査,https://news.yahoo.co.jp/articles/7732f22647cae4fbe2c24001d07ea4d84877e059,9/9(土) 10:00
mdpr,＜around1／4 第8話＞康祐、早苗のキスの光景忘れられず…,https://news.yahoo.co.jp/articles/d3da7a4d86453215086bfddcc1270913b219da87,9/9(土) 10:00
mdpr,＜ノッキンオン・ロックドドア 第7話＞倒理＆氷雨、“前代未聞の窮地”に立たされる,https://news.yahoo.co.jp/articles/8246caa988783fb22dada24d11b2c5416e3106d8,9/9(土) 7:00
mdpr,栗山千明・馬場ふみか・柳俊太郎が三角関係 壮絶な姉妹バトルの漫画「けむたい姉とずるい妹」ドラマ化,https://news.yahoo.co.jp/articles/6584e9b9abcdab3fab2aafca21e341b34205e8cb,9/9(土) 7:00
mdpr,畑芽育が語る「ノキドア」現場は“幼稚園みたい”の真相 松村北斗＆西畑大吾の印象・掛け合いで意識していることとは＜「ノッキンオン・ロックドドア」独占インタビュー＞,https://news.yahoo.co.jp/articles/d2783dbd40941d9e13c5681ee67eec2676c4ef82,9/9(土) 7:00
mdpr,なにわ男子・藤原丈一郎＆大橋和也、串カツ食べ放題に挑戦　大橋の食欲が爆発,https://news.yahoo.co.jp/articles/90fde178e6bd726cdeb367e622e01cf688e74f7a,9/9(土) 7:00
mdpr,＜最高の教師 1年後、私は生徒に■された 第8話＞相楽、鵜久森は「俺のせいで死んだ」発言の真相とは,https://news.yahoo.co.jp/articles/e1887784331761d5b4274ac24e80db4b1f42f0ea,9/9(土) 7:00
mdpr,TOKIO城島茂、ジャニーズ性加害問題に憤り感じさせるコメント「負の遺産を遺してどうしてくれるんだ」,https://news.yahoo.co.jp/articles/ea837faaab942b5aab735c1a522bfb984d7bda8f,9/9(土) 6:34
mdpr,椛島光、民放GP帯連ドラ初出演　若手アイドル役で「ばらかもん」最終回に登場,https://news.yahoo.co.jp/articles/6817fa14b6391c83bd943df3d201721a7589938d,9/9(土) 6:00
mdpr,岡山天音・藤原さくら・財前直見「こっち向いてよ向井くん」クランクアップ「みんなと家族でずっといたかった」,https://news.yahoo.co.jp/articles/fa8f8cc7424e2490cdf5681b3ab3064650723a5b,9/9(土) 6:00
mdpr,菅田将暉「ワイドナショー」初出演 楽屋弁当にまつわるトーク熱弁,https://news.yahoo.co.jp/articles/67d067a52c896d509548c0e7987952796e6858f6,9/9(土) 5:00
mdpr,Hey! Say! JUMP中島裕翔、2年ぶり舞台で猫役 しっぽ揺らし会見登場＜ひげよ、さらば＞,https://news.yahoo.co.jp/articles/980888fcf46a2bb602fe025f6ccbf9ee9690f4da,9/9(土) 4:00
mdpr,「トリリオンゲーム」ハル（目黒蓮）、ラスト約3分の“どんでん返し”で窮地に「パニック」「ジェットコースター級展開」と衝撃の声続々,https://news.yahoo.co.jp/articles/bf6cbc9cca2316f1f7976244688bed65d142facf,9/9(土) 0:07
mdpr,IMP.、2ndシングル配信発表 メンバー直談判でグループ名がタイトルに＜IMP.＞,https://news.yahoo.co.jp/articles/489d470948200d96385e538d2cea6f2e4c8411dc,9/9(土) 0:00
mdpr,「トリリオンゲーム」ハル（目黒蓮）、“嘘の理由”に注目集まる「泣ける」「確実に惚れる」,https://news.yahoo.co.jp/articles/d98daf958e5a6fc69265b0f0a14b15808bfaa5ac,9/8(金) 23:32
mdpr,「トリリオンゲーム」ハル（目黒蓮）、桐姫（今田美桜）に2回のプロポーズ経て“結婚”「艶がすごい」「最高にロマンティック」と反響,https://news.yahoo.co.jp/articles/8f33e06b1d3ebee955ae6dd0f8f87f900334b258,9/8(金) 23:12
mdpr,橋本環奈、ファーストサマーウイカの“豹変ぶり”明かす＜禁じられた遊び＞,https://news.yahoo.co.jp/articles/a8ea4e53361a9af8c7266ecf5f6d84a23ee52440,9/8(金) 22:41
mdpr,ジャニーズWEST重岡大毅がラブコール送った俳優は？「普通に好きっす」＜禁じられた遊び＞,https://news.yahoo.co.jp/articles/a48a0aed76b2c5546197050cbab4d5213f0a9423,9/8(金) 22:18
mdpr,渋谷凪咲「大挑戦を任された」NMB48での“伝説”回顧,https://news.yahoo.co.jp/articles/0c04ebd6a0195f885a5e6ddc8785d683adb88524,9/8(金) 21:25
mdpr,NMB48渋谷凪咲、グループ卒業決めたきっかけ告白 “泣き声”のハプニングも,https://news.yahoo.co.jp/articles/f6842aa171f7bcc004ee1d01632ecc32682e8ba4,9/8(金) 21:19
mdpr,LE SSERAFIM、日本でのプライベート明かす KAZUHA「久しぶりに母と…」＜TGC2023A／W＞,https://news.yahoo.co.jp/articles/1c6f117193e4878f1cd9ba2429bfa51e80e9a5ae,9/8(金) 21:00
mdpr,King ＆ Prince、14枚目シングル「愛し生きること」ビジュアル公開,https://news.yahoo.co.jp/articles/d39c828a2a68b87fb441e11a16b7515757ea961e,9/8(金) 20:45
mdpr,NewJeans＆BOYNEXTDOOR、SNSミーム生み出す歌詞に“共通点”,https://news.yahoo.co.jp/articles/1553978bbb80aaa8887eb225144012c9e1f26796,9/8(金) 20:24
mdpr,新内眞衣、クロちゃんから不気味なおねだり 藤本美貴がぶった切る,https://news.yahoo.co.jp/articles/5954431a08ed8454f6d394a8f7a2e0ef9f1ed0f7,9/8(金) 19:56
mdpr,新しい学校のリーダーズ、初の地上波冠番組に喜び 内容未定で“風変わりな企画”提案,https://news.yahoo.co.jp/articles/8b3904ecaff27665925302b134b9156f3b0c25a2,9/8(金) 19:41
mdpr,Travis Japan松田元太、全員あ然の事件勃発「有吉クイズ」初登場で「アレをテレビで流せるなんて…」,https://news.yahoo.co.jp/articles/3c1824bc60d0220d3c8c024b9152210e528a3310,9/8(金) 19:00
mdpr,「今日好き」で話題・千葉祐夕、初舞台で初主演決定 “出演者全員女性”の音楽劇で孤独な少女に＜どーるはうす＞,https://news.yahoo.co.jp/articles/1f7ea092c6aa73376fb1abe41323f9e23b48a5af,9/8(金) 18:53
mdpr,SixTONES、謎の投稿が話題「パニック」「オタクを楽しませる天才」考察相次ぐ,https://news.yahoo.co.jp/articles/cdbabc8cad7bdb3c7b7810c31d9eaf141e98eb17,9/8(金) 18:47
mdpr,実写版「ONE PIECE」シーズン2脚本は準備済み「期待以上のヒット」,https://news.yahoo.co.jp/articles/e95c80aa8e7c561da8b66d612abc24a632a5ef9b,9/8(金) 18:18
mdpr,櫻坂46守屋麗奈、白肌眩しい秋グラビア「3rd TOUR 2023」振り返る,https://news.yahoo.co.jp/articles/95c931fb5bccedeea1ee07a7d6017ca3d309ab36,9/8(金) 18:03
mdpr,Aぇ! group佐野晶哉、カオスな姿に変身　プロバレーボール選手のスパイクで絶叫も,https://news.yahoo.co.jp/articles/3ad119e141d603671e32fba93b6b4c07f54e0dab,9/8(金) 18:00
mdpr,ジャニーズWEST中間淳太、東山紀之の新社長就任に複雑な胸中吐露「外部の人間を雇用するべきだと思ってました」,https://news.yahoo.co.jp/articles/a631ddf9d8c25e02633ca1ddcb2f3a32455059ec,9/8(金) 17:51
mdpr,朝ドラ「ブギウギ」開脚＆笑顔の“インパクト大”ポーズは趣里提案“渾身の1枚”に柳葉敏郎も「日本一やで」＜ブギウギ＞,https://news.yahoo.co.jp/articles/ca27a546a290112eacc3e8907439f1f6c80800bc,9/8(金) 17:35
mdpr,Snow Man渡辺翔太、恋人と同棲できない理由告白「嫌です」SixTONES田中樹は渡辺宅の様子語る,https://news.yahoo.co.jp/articles/d1ed63c963ac2268ad020bb8964679537d0e8a8d,9/8(金) 17:20
mdpr,ジャニーズWEST中間淳太、ジャニーズ社名継続に言及 グループ名への思いも「看板を背負っている」,https://news.yahoo.co.jp/articles/1ec7a46f70f43cc3f28bc9bb27e3dcf4f3d0ab64,9/8(金) 17:20
mdpr,Stray Kids「Venue101」スピンオフ特番決定 LiSAとのコラボ曲テレビ初披露,https://news.yahoo.co.jp/articles/6953d4a4a58bb5909b5779c7cedc4325326b206e,9/8(金) 17:20
mdpr,Snow Man深澤辰哉、日本初開催の「ポケモン」イベントへ スペシャルな盆踊りも,https://news.yahoo.co.jp/articles/ddfc48b1e2f82f8545daaeb23e3b0e29adecaa3d,9/8(金) 17:18
mdpr,Snow Man渡辺翔太、恋人に求める“絶対条件”明かす,https://news.yahoo.co.jp/articles/d09e6714c82fb858d621d4f9259c0baf9d067c86,9/8(金) 17:09
mdpr,GENKING.、ウェディングドレス姿で「大切なお知らせがあります」,https://news.yahoo.co.jp/articles/69773d85df03c9464310e42bb5c4c53df9ba0fc7,9/8(金) 17:03
mdpr,朝ドラヒロインの子供時代役・澤井梨丘はドラマ初出演「修学旅行の帰り」決定秘話明かす＜ブギウギ＞,https://news.yahoo.co.jp/articles/d9db099f0b2e3f6db934b8b7bd83402411d94b21,9/8(金) 16:39
mdpr,Snow Man向井康二、ジャニーズWEST藤井流星は「行く行く詐欺」誘い断る理由明らかに,https://news.yahoo.co.jp/articles/275cc63281693562c3a442059c9cd045a4908e98,9/8(金) 16:29
mdpr,乃木坂46阪口珠美、“19歳”愛犬との別れを報告「永遠にこの寂しい気持ちは消えません」,https://news.yahoo.co.jp/articles/60ec9b20e3cf377776e400c1dea1288167e938c3,9/8(金) 16:27
mdpr,Snow Man渡辺翔太、スマホの機種変でメンバー呼び出し「基本甘えて」Sexy Zone菊池風磨からのタレコミも「本番10分前とかに電話した」,https://news.yahoo.co.jp/articles/c414e1f600b07de767d2c6f590ca7921841d9045,9/8(金) 16:17
mdpr,カウアン・オカモト氏、ジャニーズJr.時代の“風通しの悪さ”証言「いじめや暴力…特殊すぎて色々あった」,https://news.yahoo.co.jp/articles/8456d039a3d04653a1211f9cf0e9b4c400fbd33c,9/8(金) 16:03
mdpr,A.B.C-Z河合郁人、生放送で号泣 前日のジャニーズ会見受けファンへの感謝・コメンテーターとしての決意語る,https://news.yahoo.co.jp/articles/d40358a057f5594684c9f2b136203cc0a814e2d2,9/8(金) 15:56
mdpr,BLACKPINKジェニー、水着姿で美ボディ披露「スタイル抜群」と反響続々,https://news.yahoo.co.jp/articles/f7a3d1ec16dad18b0ef4075ebe47f2743cc4e141,9/8(金) 15:40
mdpr,草なぎ剛が朝ドラ初出演 制作統括が起用理由明かす＜ブギウギ＞,https://news.yahoo.co.jp/articles/4e21e3b0209b16f45541ff3386342c6fce484483,9/8(金) 15:31
mdpr,乃木坂46賀喜遥香、遠藤さくらとのユニット曲での不安告白「さくちゃんの魅力を無くしちゃわないかなとも思った」,https://news.yahoo.co.jp/articles/4a9f9465537c7a1bfb74e290cbb59fa1e1064e9e,9/8(金) 15:27
mdpr,“乃木坂46公式ライバル”僕が見たかった青空、初冠レギュラーラジオ番組決定　演出にも挑戦＜青天のヘキレキ！＞,https://news.yahoo.co.jp/articles/2adc9bdd42571d9df3e768b61c9f706272f8fd26,9/8(金) 15:22
mdpr,シンガポール移住の鈴木ちなみ、第2子妊娠を発表,https://news.yahoo.co.jp/articles/4e925bb86e58dc38fc93c5777ecd9f2fc6d039a5,9/8(金) 15:12
mdpr,指原莉乃、同級生・Snow Man渡辺翔太は「唯一話しかけてくれた」理由も明かされる,https://news.yahoo.co.jp/articles/6869081cc16fb922e5f82b2a7b933bb4835719eb,9/8(金) 15:11
mdpr,Travis Japan宮近海斗＆松田元太、うちわ文化を「海外に発信したい」ファンへの感謝伝える「愛を感じる瞬間」,https://news.yahoo.co.jp/articles/c7741dbcbfa2a654e7069ec395557c38ebff8a9c,9/8(金) 15:05
mdpr,カウアン・オカモト氏、東山紀之ジャニーズ新社長就任に本音「誰もやりたい人いないですよね」,https://news.yahoo.co.jp/articles/486ae1ccaa80b46beec630becb5fed6307a740c0,9/8(金) 14:53
mdpr,ENHYPEN、日本の楽しみ方＆7人で叶えたい夢明かす,https://news.yahoo.co.jp/articles/ebf0fa935eaf9cff69011fcd44a036299e3bd2c6,9/8(金) 14:52
mdpr,カウアン・オカモト氏が涙 ジャニーズ性加害問題告発での誹謗中傷受け「そういう辛い思いは二度とさせたくない」,https://news.yahoo.co.jp/articles/545cc5d4babaa8ed06c1f1dfd57eb584136b6010,9/8(金) 14:42
mdpr,SEVENTEEN、デビュー後最大規模ドームツアー開幕で10万人熱狂　スングァン活動再開＆エスクプス観覧で“カンペ”演出,https://news.yahoo.co.jp/articles/5754c86bb9a9d2e7f5e7062fa5d58d8fb7e8322e,9/8(金) 14:26
mdpr,カウアン・オカモト氏「ジャニーズ」の社名維持に驚き「100の可能性で変わると思っていた」,https://news.yahoo.co.jp/articles/95edf8911fd57045d9cbfbfc7b244f1dd3ea99e2,9/8(金) 14:26
mdpr,第1子出産の山崎夕貴アナ、産後ケア施設退院 夫・おばたのお兄さんが3ショットで報告,https://news.yahoo.co.jp/articles/7d93afee7b87327c94a6740414a5b6850501d1ea,9/8(金) 14:22
mdpr,趣里、朝ドラヒロイン＆主題歌担当に意気込み「紅白狙ってる？」に回答＜ブギウギ＞,https://news.yahoo.co.jp/articles/671c24d3ec0ea3f90e501ceee5ea65ed94ec2331,9/8(金) 14:20
mdpr,Travis Japan宮近海斗＆松田元太、LA共同生活での苦労明かす「7人が誰とも口きかない時期も」,https://news.yahoo.co.jp/articles/24dfd3aff617baa680b730026072877d4ec95eb5,9/8(金) 14:15
mdpr,カウアン・オカモト氏、ジャニーズ会見受け心境告白「傷はそう簡単に癒えないと心に刻んで」,https://news.yahoo.co.jp/articles/bc9d1204f8a4c78a00983b278bddda981134a4dc,9/8(金) 14:15
mdpr,ジャニーズWEST桐山照史、初出演「サマソニ」での「超恥ずかしかった」思い出 新しい学校のリーダーズと遭遇,https://news.yahoo.co.jp/articles/bdd1f0b17939033f1c9894a4d5e3ca40a3500319,9/8(金) 14:01
mdpr,NEWS小山慶一郎、現在の心境つづる 前日にジャニーズ会見＆レギュラー番組生出演,https://news.yahoo.co.jp/articles/15cb862529a7f45a8aa26d48cecd41b081834ad0,9/8(金) 13:52
mdpr,ジャニーズ会見受けNHK＆民法キー局が対応発表「マスメディアの沈黙」「今後の所属タレント出演」への考え明かす＜各局コメントまとめ＞,https://news.yahoo.co.jp/articles/fd77d38c114302878de3b9ea78c72b4e622e56ab,9/8(金) 13:44
mdpr,キスマイ、6人体制初の新企画挑戦 玉森裕太の“金髪メッシュチャラ男”姿に反響,https://news.yahoo.co.jp/articles/2392fdddb73527b840ed46ebdf077268f4c5acd5,9/8(金) 13:35
mdpr,NEWS増田貴久、今後への決意・ファンにメッセージ,https://news.yahoo.co.jp/articles/60fe559157a420ebe354ba29a8589b4928ddf215,9/8(金) 13:33
mdpr,なこなこカップル「なごみの方が稼いでる？」「トラブルはあった？」金銭事情を赤裸々告白,https://news.yahoo.co.jp/articles/3d5e19122b000729e3a90cffdee7dc059d46d5ba,9/8(金) 13:21
mdpr,スピードワゴン小沢一敬、人間ドックでE判定連発 共演者も「生きてる人間の覇気が全くない」,https://news.yahoo.co.jp/articles/784c37b01aaa586d24ef90ebfd4d35dc3ac6327a,9/8(金) 13:08
mdpr,三宅健、韓国GOT7を賞賛 全員でJYP退所・グループ商標権獲得「それを許す会社もすごい」,https://news.yahoo.co.jp/articles/012c477134ef745b09e5a5d9148ea10eaef833cd,9/8(金) 13:04
mdpr,菅田将暉「ミスなか」パロディーコントにサプライズ登場　大量の久能整を審査,https://news.yahoo.co.jp/articles/81721dd194504a755769b2f6849e6f1b840aed90,9/8(金) 13:00
mdpr,Aぇ! group小島健＆佐野晶哉「新しいカギ」かくれんぼ初参戦　チョコプラ長田「SECRET IDOL」と名付ける,https://news.yahoo.co.jp/articles/32e498a1f112f49d573c71dfc06317993467a6a4,9/8(金) 13:00
mdpr,Snow Manラウール、投稿内容の意味に反響「泣ける」同日にジャニーズ会見,https://news.yahoo.co.jp/articles/e66a35ffc2c5f1ab6fea78cf2994dad3049b4933,9/8(金) 12:51
mdpr,なにわ男子・大橋和也「＃大橋ダンスレッスン中」動画再びで反響殺到「努力の天才」「大橋くんがリーダーでよかった」,https://news.yahoo.co.jp/articles/f5d52f917e96138862a03377dadf33f0202c55fb,9/8(金) 12:30
mdpr,古市憲寿氏、ジャニーズ会見に指摘 東山紀之・井ノ原快彦へ「事実上のアウティングを強要」,https://news.yahoo.co.jp/articles/f5d5c182cba0a517cacf4a5ced867e145f9343ce,9/8(金) 12:14
mdpr,萩原利久、“今日のダチョウクイズ”出題にスタジオ困惑 菅田将暉「この景色現場でも見たな」,https://news.yahoo.co.jp/articles/4b95c9fff40ab0829c9d28e1801e5ba0fd102318,9/8(金) 12:12
mdpr,南沙良、ロングヘアばっさりカットで大胆イメチェン 初黒髪ショートに絶賛の声,https://news.yahoo.co.jp/articles/2ba9e1398e4ab8bf76132b5cfd32944779cc9902,9/8(金) 12:11
mdpr,鈴木伸之、SEVENTEENとの集合ショット披露「夢のようなコラボ」「混乱」の声 ハッシュタグにも注目集まる,https://news.yahoo.co.jp/articles/cabf2ae2a2a1c14f744ae0781b9608212624e6ad,9/8(金) 12:03
mdpr,アイナ・ジ・エンド「キリエのうた」岩井俊二監督作「夏至物語」リメイクで主演「刺激的でした」,https://news.yahoo.co.jp/articles/44bfa752378dfb3cd18e74aa7ecb05525e481e6f,9/8(金) 12:00
mdpr,「VIVANT」二階堂ふみ＆ドラム「それスノ」初登場で意外な才能発揮 Snow Man“ダブルダッチ”特訓の120日間放送,https://news.yahoo.co.jp/articles/605b9b21e99b22e06d8ea39befbacc4dc8301053,9/8(金) 12:00
mdpr,モデル・伊藤ニーナ、昨年結婚していた 第1子妊娠報告＆マタニティフォト公開,https://news.yahoo.co.jp/articles/2ae025215cef6b1e1954084efc0bb3323c178575,9/8(金) 11:51
mdpr,菅田将暉、家族ぐるみで仲良しな芸人明かす 一家でUSJへ「一日中遊んで」,https://news.yahoo.co.jp/articles/b060e9a4f6742008f9e848175bcf74e25b12b4f6,9/8(金) 11:47
mdpr,TBS、ジャニーズ事務所を「どう着実に進めていくのかを今後も注視」会見受け考え明かす＜全文＞,https://news.yahoo.co.jp/articles/443a88167df2826fd7a6946174f08029f37dd55c,9/8(金) 11:47
mdpr,木村拓哉、ジャニーズ会見後にインスタ更新「show must go on」東山紀之の新社長就任は事前に聞いていた,https://news.yahoo.co.jp/articles/3ac75131df3eba53ca9a5ad5dc98a661fdb37da0,9/8(金) 11:37
mdpr,Snow Man向井康二「完璧な状態で出たい」外出前に自らヘアメイク “毎日挑戦”の苦労も告白,https://news.yahoo.co.jp/articles/56caf66df9d49072dfb0d19bc8354f58dd9a504e,9/8(金) 11:30
mdpr,NEWS加藤シゲアキ、X更新でコメント「全身全霊で向き合いたい」同日にジャニーズ会見,https://news.yahoo.co.jp/articles/fefec8c0a567b136c5478e5b60593fc8c6d9f23c,9/8(金) 11:11
mdpr,LE SSERAFIM「Adoのオールナイトニッポン」出演決定　初のラジオコラボ実現,https://news.yahoo.co.jp/articles/43b4dab8fc8d13cd10a04b75f8c30a5e5e81beb6,9/8(金) 11:00
mdpr,チャーリー・プース、婚約を発表,https://news.yahoo.co.jp/articles/fc07f0b98a51f35eca85bf79aa1ca92dbf60ee34,9/8(金) 10:55
mdpr,フジ、ジャニーズ事務所を“注視” 会見受け「あらゆる人権侵害を防ぐべく対処」＜全文＞,https://news.yahoo.co.jp/articles/a0abb2a650039b7b37cb3da8aa9123a95c64a8b1,9/8(金) 10:50
mdpr,「DayDay.」武田真一アナ、ジャニーズ性加害問題のメディア責任に言及 被害者に直謝罪,https://news.yahoo.co.jp/articles/ccb12697fb4bc51a94c85c4c151f416a38dc2697,9/8(金) 10:45
mdpr,東山紀之「バース・デイ」降板を発表「所属事務所の社長に就任したのを機に」,https://news.yahoo.co.jp/articles/7fa1d23ea16515bfc25065000f12c62a2cedacd1,9/8(金) 10:42
mdpr,＜ブラックポストマン 第4話＞力也、殺人事件の容疑者に 辿り着いた黒幕とは,https://news.yahoo.co.jp/articles/522320e29965994ab5fc8e539370b30226ff226e,9/8(金) 10:00
mdpr,＜らんまん 第116話あらすじ＞万太郎、自信をなくす,https://news.yahoo.co.jp/articles/a1fe43a59b4279c85265842ca6398cd77966b02f,9/8(金) 8:15
mdpr,田中圭、3期連続ドラマ出演に本音「そこまで需要がないのでは」心休まる瞬間を聞いてみた＜「ブラックポストマン」インタビュー＞,https://news.yahoo.co.jp/articles/5b4de3d16be9b0a2c95c1d6946e0a9a068d5c2d6,9/8(金) 8:00
mdpr,「BOYS PLANET」アントニー・タクト・ハルト・ユウトの新グループ「TOZ」デビューショーケース決定＜日程・会場＞,https://news.yahoo.co.jp/articles/ed73f897e0a492d89acba0f6538577c5a20f0eef,9/8(金) 8:00
mdpr,“乃木坂46公式ライバル”僕が見たかった青空・金澤亜美＆須永心海＆萩原心花、ミニスカ制服姿が眩しい＜独占カットあり＞,https://news.yahoo.co.jp/articles/a78f7360a3878865eb1342dd364a2b47606bc935,9/8(金) 7:00
mdpr,＜トリリオンゲーム 第9話＞桐姫、ハルから思わぬ申し出,https://news.yahoo.co.jp/articles/ab05f33906e551d8903cdabe9a959e12a76c6587,9/8(金) 7:00
mdpr,つばきファクトリー山岸理子・小野田紗栞・河西結心・八木栞、色白素肌輝く＜独占カットあり＞,https://news.yahoo.co.jp/articles/43b64c22679d1d11ed6f351a439b55a136add3ae,9/8(金) 7:00
mdpr,AKB48秋山由奈＆新井彩永＆八木愛月、美脚際立つお揃いパジャマ姿で集結＜独占カットあり＞,https://news.yahoo.co.jp/articles/6346e15d4c0cc6cb8cdb2275af6ea45a635ba56f,9/8(金) 7:00
mdpr,くれまぐの夢を叶える秘訣＆心に残る言葉 試行錯誤の5年間を振り返る＜モデルプレスインタビュー＞,https://news.yahoo.co.jp/articles/36f7b8e74f708675d8e587725c212cbb4337532a,9/8(金) 7:00
mdpr,坂東龍汰＆朝倉あき「きのう何食べた？」season2出演決定＜コメント＞,https://news.yahoo.co.jp/articles/d366868c6370fed87cfd5dc968dbfb403abea88b,9/8(金) 7:00
mdpr,＜癒やしのお隣さんには秘密がある 第10話＞藤子、坂本と急接近,https://news.yahoo.co.jp/articles/e5ccf6a056918f41640f57e0fb8144c130f3d60d,9/8(金) 7:00
mdpr,ジャニーズWEST重岡大毅「生きてきた中で一番ハード」な撮影期間振り返る “夢を叶える秘訣”も明かす＜「禁じられた遊び」インタビュー＞,https://news.yahoo.co.jp/articles/39f1de4cb88dcb065b6dd6a8e8cf5fc50f39db0c,9/8(金) 6:00
mdpr,松岡茉優が“夫の彼女”役 菅野美穂主演「ゆりあ先生の赤い糸」新キャスト解禁,https://news.yahoo.co.jp/articles/e3de5971599477c585c13371834650fe0a441112,9/8(金) 6:00
mdpr,「トリリオンゲーム」今田美桜、Snow Man目黒蓮と2度目の共演で「信頼」“キリカ”に憧れる理由とは＜インタビュー＞,https://news.yahoo.co.jp/articles/5ab4ac30feab27a2e7d25a8defb6cdf6c8392025,9/8(金) 6:00
mdpr,産休入りの弘中綾香アナ、初金髪を予告 千鳥ノブツッコミ「高校生じゃないんだから」＜1泊家族＞,https://news.yahoo.co.jp/articles/bd54452172e4053abb54fad60323f4982f3619d0,9/8(金) 5:00
mdpr,Snow Man渡辺翔太、幅広い歌唱力披露「ハマダ歌謡祭」3度目の参戦,https://news.yahoo.co.jp/articles/ee3a84a3ccf8befe5b84f71838dcc91f20e4ea6e,9/8(金) 5:00
mdpr,【ジャニーズ会見全文 Vol.8】ジャニーズ性加害問題受け、現所属タレントの反応は？藤島ジュリー景子氏はジャニーズJr.との交流明かす,https://news.yahoo.co.jp/articles/6858891b6d119bb532948c7dd0ee872db5ae75b0,9/8(金) 0:36
mdpr,櫻井翔、ジャニーズ性加害実態・事務所残留への決意語る＜全文＞,https://news.yahoo.co.jp/articles/bfb1304dd912ca93bd6bf6a495de5306b70d0467,9/8(金) 0:33
mdpr,【ジャニーズ会見全文 Vol.7】東山紀之＆井ノ原快彦、今後の方針・育成について語る 藤島ジュリー景子氏は自身の引き際に言及,https://news.yahoo.co.jp/articles/7cf29c0bf9d4f47a3d6e1e98053fdadf186a7443,9/8(金) 0:28
mdpr,読者が選ぶBE:FIRST・LEOの名言5つ【モデルプレス国民的推しランキング】,https://news.yahoo.co.jp/articles/35a20def40a875bb75115aa3cbd98ad6903fe50e,9/8(金) 0:00
mdpr,櫻井翔、ジャニーズ新体制に「生まれ変わっていく決意を感じた」 事務所会見受けコメント,https://news.yahoo.co.jp/articles/facbe5908a22f18e35c827a789d93ec6c9341cb4,9/7(木) 23:34
mdpr,＜ジャニーズ会見＞井ノ原快彦の言葉＆振る舞いが話題「イノッチ」長時間トレンド入り「安心感」「人間性がよくわかる」,https://news.yahoo.co.jp/articles/e43e5d1df5a7cb167d96902b4712e11f622f4216,9/7(木) 22:55
mdpr,生田斗真、インスタ更新でコメント 同日にジャニーズ会見,https://news.yahoo.co.jp/articles/bb43e058fef2d1a612e7cd75406e326712f3eaa0,9/7(木) 22:34
mdpr,比嘉愛未＆三浦翔平、ビッケブランカの“コメント泥棒”に仰天「アーティスト怖い！」＜親のお金は誰のもの 法定相続人＞,https://news.yahoo.co.jp/articles/febf0211fbcba91dd8bdb32590792e6aa64e0463,9/7(木) 22:18
mdpr,ちゃんみな、ドラマ初挑戦「ハヤブサ消防団」最終回出演で監督うならせる,https://news.yahoo.co.jp/articles/de0a6ceaaf1fccc189ff66fc8230ae062e72740a,9/7(木) 22:00
mdpr,NCT新チーム決定で総勢27人、年齢差13歳に「NCTコンサート会場でスカウト」のメンバーも,https://news.yahoo.co.jp/articles/2c41f48f4574212c0490cdb069bd8f9ad35303a0,9/7(木) 21:54
mdpr,高橋愛、NCT新チームでデビュー決定のリクを祝福 “従兄弟”と過去に紹介,https://news.yahoo.co.jp/articles/e0b028ab6699efb64f2e833e78d9d555bc55b095,9/7(木) 21:40
mdpr,【ジャニーズ会見全文 Vol.6】東山紀之、ジャニーズタレントがコメント控えていた理由に言及「後輩たちには極力待ってもらいました」発言の真意とは,https://news.yahoo.co.jp/articles/9369f94ed3a63f07be16940660272ee12d0cb393,9/7(木) 21:03
mdpr,テレ朝、ジャニーズ会見受け「タレント自身に問題があるとは考えておりません」企画内容踏まえ出演継続へ＜全文＞,https://news.yahoo.co.jp/articles/2862b69210cc61495155af31282cd51b124705bf,9/7(木) 21:02
mdpr,Snow Man目黒蓮「Mステ」見どころ語る「サビの最後の方に…」,https://news.yahoo.co.jp/articles/c5e9339a85b177fd3644e6dc66000649620831b9,9/7(木) 21:00
mdpr,ENHYPEN、NI-KI考案の振り付け披露「魅惑的でダークな魅力をお見せします」,https://news.yahoo.co.jp/articles/9561ee7ee5316a004d45abbc20d7a1108f259547,9/7(木) 21:00
mdpr,伊藤英明、“花火師”の免許取得 制作会社立ち上げ番組制作も,https://news.yahoo.co.jp/articles/0ce96392048511116abb1300aac81d326dd3c523,9/7(木) 20:59
mdpr,テレ東、ジャニーズ事務所の会見受けコメント「改革に乗り出す重要な一歩」＜全文＞,https://news.yahoo.co.jp/articles/045fbb29f9fe4eb0bf7ec8e54ac05891c4aab0e5,9/7(木) 20:48
mdpr,日テレ、ジャニーズタレントの番組出演は変更予定なし 会見受けコメント発表＜全文＞,https://news.yahoo.co.jp/articles/3df9c61535652dd1132ddf2de0d2dab0b0982070,9/7(木) 20:40
mdpr,【ジャニーズ会見全文 Vol.5】藤島ジュリー景子氏、ジャニー氏・メリー氏には「親族であっても物を申せなかった」“いびつな2人体制”に反省示す,https://news.yahoo.co.jp/articles/bbb96f5a59f276f0bec5f7b69cbba34ff0e505f5,9/7(木) 20:31
mdpr,NEWS小山慶一郎、東山紀之の新社長就任にコメント「相当命を懸けたんだろうな」,https://news.yahoo.co.jp/articles/7a7410010163dee7c26ae17fcfe31e0a699f064b,9/7(木) 20:23
mdpr,NHK、ジャニーズ性加害問題の事実認定受けコメント発表「メディアとしての役割を十分に果たしていなかったと自省」出演者起用方法も検討へ＜全文＞,https://news.yahoo.co.jp/articles/903104d2beeccd096b077c803c66c53abcd62f8d,9/7(木) 20:18
mdpr,TOKIO松岡昌宏、福地桃子は「生まれた時から知ってます」幼少期の“いなくなった”事件回顧,https://news.yahoo.co.jp/articles/dc99ffc93337a7b3af9b3cc7b2395b0ed59c16ff,9/7(木) 20:04
mdpr,【ジャニーズ会見全文 Vol.4】元メディア担当者が欠席の理由 東山紀之にハラスメント疑惑追及も,https://news.yahoo.co.jp/articles/019c64763b5a072c8f2cd908c770db77af4bcfc4,9/7(木) 19:58
mdpr,NEWS小山慶一郎、ジャニーズの今後・ファンへの思い語る「正直所属タレントとしては不安です」,https://news.yahoo.co.jp/articles/c74d8de88c45a7e24924e99c8162d46b65108b66,9/7(木) 19:58
mdpr,＜ジャニーズ会見＞記者が見た東山紀之新社長の覚悟、井ノ原快彦の未来あるJr.への思い…“4時間超え”異例の対応,https://news.yahoo.co.jp/articles/4b518bd00906268e79dc38779dcd61efdea65735,9/7(木) 19:56
mdpr,【ジャニーズ会見全文 Vol.3】東山紀之、ジャニー喜多川氏の性加害は“人類史上最も愚かな事件”「夢を握り潰された彼らと夢を諦めた僕とで、しっかり対話を」,https://news.yahoo.co.jp/articles/cfff4a1a58311f79222b9fddae381794fc2b009b,9/7(木) 19:50
mdpr,ENHYPEN、日本での過ごし方は？「納豆が好き」ファン“ENGENE”は「かわちい」＜日本3rdシングル「結 -YOU-」ショーケース＞,https://news.yahoo.co.jp/articles/a8e944cabb87830c9004050c61440dd3183344e6,9/7(木) 19:27
mdpr,NEWS小山慶一郎、ジャニーズ事務所の社名継続に言及「各タレントにヒアリングがあった」,https://news.yahoo.co.jp/articles/8a6592442312e235a6ac13134f284a44f7e4874f,9/7(木) 19:20
mdpr,松本まりか・前田拳太郎ら、橋本環奈主演「トクメイ！」刑事役で出演決定,https://news.yahoo.co.jp/articles/e242dd17f8119cfc44b7327e871fd11cdaa9cdd1,9/7(木) 19:00
mdpr,＜ジャニーズ会見 要点＞東山紀之・井ノ原快彦らが4時間超えで対応 報道陣300人出席,https://news.yahoo.co.jp/articles/4dd34a0be90a82bff86d58adf2b613b50b50d464,9/7(木) 18:48
mdpr,東山紀之、木村拓哉・国分太一・井ノ原快彦と会食していた 新社長相談に「驚いてはいましたね」＜ジャニーズ会見＞,https://news.yahoo.co.jp/articles/3f9cefa992d109b840b4c862b2fef03ee950a020,9/7(木) 18:45
mdpr,第1子妊娠中の弘中綾香アナ、産休入りを報告「あざとくて」最後の収録終え心境つづる,https://news.yahoo.co.jp/articles/b5f31b334910add5fc832008251ef369ad582222,9/7(木) 18:31
mdpr,＜ジャニーズ会見＞井ノ原快彦、事務所内“風通しの良さ”に言及 現在は「僕や部下が権力を持たないような仕組み」,https://news.yahoo.co.jp/articles/033c2a0b4b46397ea7ac2332f542de6c1f978802,9/7(木) 18:24
mdpr,＜ジャニーズ会見＞藤島ジュリー景子氏「院政を敷くつもりは全くない」東山紀之との関係性に言及,https://news.yahoo.co.jp/articles/08acbadd7e910d32487ddd17602a010c8c1d418c,9/7(木) 18:04
mdpr,「ゆとりですがなにか」岡田将生・松坂桃李・柳楽優弥が仲良く密着「NYLON guys」表紙登場,https://news.yahoo.co.jp/articles/564c6751feea8f8f1b3ac59f9090b296db31744d,9/7(木) 18:00
mdpr,矢吹奈子、不倫・キスシーン演技挑戦「ファンの方が一瞬よぎりました」ジャニーズWEST藤井流星と初対面時に驚き＜「18歳、新妻、不倫します。」インタビュー＞,https://news.yahoo.co.jp/articles/22b35da2d0c4c06692e2f44b7b513e15de9d09a8,9/7(木) 18:00
mdpr,＜ジャニーズ会見＞東山紀之・井ノ原快彦、故・ジャニー喜多川氏へかける言葉は“ない”「この場に彼はいるべきだった」,https://news.yahoo.co.jp/articles/45c2748512c6eb62f2b9d02317ca5661ff7c33bb,9/7(木) 17:56
mdpr,田中みな実のデート報道、所属事務所が否定「厳重に抗議いたします」＜全文＞,https://news.yahoo.co.jp/articles/b0123382f36b451c522ca91db6ac968534c883fb,9/7(木) 17:53
mdpr,NiziUリオ・リク・ミイヒ、話題のちょんまげ小僧“ひき肉ダンス”披露「ついに」「まさかやってくれるとは」と反響続出,https://news.yahoo.co.jp/articles/d688011b6c535b5a63006fce54276ed3c6bb2ee0,9/7(木) 17:31
mdpr,エミリン、ネット広告での“切り抜き悪用”に警告「本当に騙されないで」,https://news.yahoo.co.jp/articles/262c89ba98a9fd5ee9a9537ad0654597627219ef,9/7(木) 17:28
mdpr,＜ジャニーズ会見＞東山紀之、被害者に対する誹謗中傷防止呼びかけた理由「敵対しているわけではない」,https://news.yahoo.co.jp/articles/ea57083b5a26ad3143f97763f9cbb73977e7a031,9/7(木) 17:23
mdpr,＜ジャニーズ会見＞東山紀之、既に「サンデーLIVE！！」降板 コメント控えていた理由も説明,https://news.yahoo.co.jp/articles/3432fbba5f8a24702b645915f48b0434f4fdf037,9/7(木) 17:20
mdpr,【ジャニーズ会見全文 Vol.2】東山紀之、社名変更に言及 ジャニー喜多川氏は「誰も幸せにしなかった」,https://news.yahoo.co.jp/articles/a789b0d058369bce3ca1f5dc7ce76f548bdde384,9/7(木) 17:10
mdpr,＜ジャニーズ会見＞藤島ジュリー景子氏、性被害を受けたジャニーズJr.の優遇有無を否定,https://news.yahoo.co.jp/articles/cf95e470093c451f22d05304f3fc9eb46c990a08,9/7(木) 17:07
mdpr,＜ジャニーズ会見＞ジャニー喜多川氏のギネス記録削除　東山紀之＆井ノ原快彦がコメント,https://news.yahoo.co.jp/articles/e5d421bc655882a4fd7371f3729581e8e6a80023,9/7(木) 17:01
mdpr,樋口幸平が語る増子敦貴との絆「あっちゃん以外の葉を思いつかない」話題の濃密ラブシーン秘話も明かす＜「体感予報」インタビュー＞,https://news.yahoo.co.jp/articles/a0b5442cb0628b3e232e3ff74618c037877d275e,9/7(木) 17:00
mdpr,「ギネス」ジャニー喜多川氏の記録を公式サイトから削除「掲載は適さないと判断」,https://news.yahoo.co.jp/articles/d7d5f8552919861d06ff0e4e3e2e47f61df738ae,9/7(木) 16:47
mdpr,＜ジャニーズ会見＞東山紀之、故・森光子さんとの噂を否定「本当に母のような存在」,https://news.yahoo.co.jp/articles/6798bb0ec1d7135260079bf0073a8f9a3e1a0bf1,9/7(木) 16:37
mdpr,＜ジャニーズ会見＞井ノ原快彦、ジャニー氏へ「なんてことしてくれたんだ」東山紀之も「これほどの落胆はない」性加害知った時の心境語る,https://news.yahoo.co.jp/articles/8a67886dc061b9555575cfba0277b63971455064,9/7(木) 16:30
mdpr,「VIVANT」松坂桃李、ドラム（富栄ドラム）へ意味深コメント「もしかして伏線？」「テント説濃厚かも」,https://news.yahoo.co.jp/articles/82e43aedc1e5fa3287a9f310952b3a05cc1c3406,9/7(木) 16:27
mdpr,【ジャニーズ会見全文 Vol.1】東山紀之・藤島ジュリー景子氏が謝罪 ジャニー喜多川氏の性加害認める,https://news.yahoo.co.jp/articles/898f342bb19480b99f14cf12f0383a9f8f63e3a1,9/7(木) 16:24
mdpr,藤島ジュリー景子氏、東山紀之を後任に選んだ理由「タレントの気持ちがわかる人をトップに」＜ジャニーズ会見＞,https://news.yahoo.co.jp/articles/7248b9b7a1b0d4b1b92f783f1847d01f73ad4314,9/7(木) 16:21
mdpr,＜ジャニーズ会見＞「Mステ」にDa-iCE・JO1ら出演しないのは“忖度”か 元キンプリ平野紫耀らへの対応についても東山紀之明言「必要ないと思います」,https://news.yahoo.co.jp/articles/66568670d16345ead5ad8abd674cd60c22e50949,9/7(木) 16:09
mdpr,＜ジャニーズ会見＞東山紀之、自身のハラスメント疑惑を否定「僕はしたことはない」,https://news.yahoo.co.jp/articles/6284608be2f5f7052eb1eaa484c840f283ebd1fe,9/7(木) 16:00
mdpr,Snow Man佐久間大介、コミケでアニメグッズ“爆買い”「財布の紐緩みまくった」1日の購入額に驚きの声,https://news.yahoo.co.jp/articles/e41c79dc4426f5d464dbd1818f38d5dfbff13b7f,9/7(木) 15:53
mdpr,ヘラヘラ三銃士・まりな、“10年以上音信不通”の父親に結婚報告「号泣した」と反響相次ぐ,https://news.yahoo.co.jp/articles/218c687f1af20b5f6f908f6c40ec46d20ca8722b,9/7(木) 15:51
mdpr,＜ジャニーズ会見＞井ノ原快彦、ファンに向けた誠実な言葉「何日も前からチケットを取って、高いお金払って飛行機を取って…」,https://news.yahoo.co.jp/articles/c32482c96a378e72a295a5f03894d71e6a20c024,9/7(木) 15:40
mdpr,＜ジャニーズ会見＞藤島ジュリー景子氏、退所タレントへの補償・被害認定方法に言及「真摯に向き合っていきたい」,https://news.yahoo.co.jp/articles/fb6f882caa946b70d2071de16093b1c27575a1b2,9/7(木) 15:38
mdpr,「VIVANT」ドラム（富栄ドラム）、テント説に言及,https://news.yahoo.co.jp/articles/388ccb86e09ca52a8b485cbe2945312051544be1,9/7(木) 15:23
mdpr,＜ジャニーズ会見＞藤島ジュリー景子氏、涙の訴え　ジャニーズファンに向けて感謝,https://news.yahoo.co.jp/articles/524d6682d646b24534580e09eb807bdf822b302d,9/7(木) 15:19
mdpr,絢香、新楽曲の制作発表「たぶん一生思い出に残る曲になる」,https://news.yahoo.co.jp/articles/5cda2f23f872e4239c6b6fbb46bd1ef8ffe6153d,9/7(木) 15:17
mdpr,＜ジャニーズ会見＞東山紀之、被害者には「法を超えた救済・補償が必要」,https://news.yahoo.co.jp/articles/0eab5a03fbb8357fe2c527186a518a23b67b5a06,9/7(木) 15:17
mdpr,ヒカル、勝俣州和から“ガチギレドッキリ” アドリブ対応に「凄すぎ」「リスペクト感じた」と反響続出,https://news.yahoo.co.jp/articles/7fc23a6f58cfb05ee96e1fc17142ef91375d9c90,9/7(木) 15:15
mdpr,カジサック、長男のインスタ＆長女のTikTok開設を報告,https://news.yahoo.co.jp/articles/3c098cedee52828b783e29398fd3acc1466d84ca,9/7(木) 15:03
mdpr,＜ジャニーズ会見＞東山紀之、メディアへの圧力の存在認める「うちの事務所が全て悪い」今後の方針説明,https://news.yahoo.co.jp/articles/6888633802b37a7af97620048e75e3bccee07dce,9/7(木) 15:01
mdpr,松村沙友理、ライバルの正体明かす,https://news.yahoo.co.jp/articles/65935b01a2f88fac83fff68ef3ad905228b85602,9/7(木) 15:00
mdpr,FANTASTICS佐藤大樹、メンバー同士の喧嘩で涙した過去明かす,https://news.yahoo.co.jp/articles/90349aeefd8a704fabc4f6fe79f2932ee7be9676,9/7(木) 15:00
mdpr,KAT-TUN中丸雄一、香港マカオでジャッキー・チェンから誕生日プレゼント贈られる,https://news.yahoo.co.jp/articles/48a4754d4cc1b8a98e76d396e57c78c3244f7a3e,9/7(木) 14:56
mdpr,松坂桃李「VIVANT」今後の展開に“一言”言及「上手く伝えると…」,https://news.yahoo.co.jp/articles/7b51a35e679837ea8b369cd5221c1a1bb6215b17,9/7(木) 14:49
mdpr,＜ジャニーズ会見＞東山紀之、性加害の噂は聞いていた「私自身は被害を受けたことはない」,https://news.yahoo.co.jp/articles/76694c1ce22de1561af49bc024cdbe99730f3ebd,9/7(木) 14:46
mdpr,ジャニーズ事務所、社名は継続　新社長・東山紀之が理由説明＜ジャニーズ会見＞,https://news.yahoo.co.jp/articles/60d45a503b45b33a7d9ba960f2063867d599067c,9/7(木) 14:39
mdpr,＜ジャニーズ会見＞井ノ原快彦、ジャニーズJr.当時の性被害「触れてはいけない空気」,https://news.yahoo.co.jp/articles/98c32692edb5c37c6da778169e5031f9239ee5fe,9/7(木) 14:38
mdpr,Sexy Zone中島健人、ジャニーズJr.の推し2人とは？「もう可愛くて」「なかなかいい逸材」,https://news.yahoo.co.jp/articles/51e911dfdfa96466d1d25a64cd9a985458c520ff,9/7(木) 14:31
mdpr,King ＆ Prince永瀬廉、アイドル目指すファンにエール「いつか同じステージ上で」,https://news.yahoo.co.jp/articles/2a4f1bfaada5a50389e4f437eccd3850efe0788b,9/7(木) 14:28
mdpr,足立梨花＆TATSU夫妻、結婚後に“大喧嘩”,https://news.yahoo.co.jp/articles/97ad908c5b9cd1778d7f83139e40cb301d083497,9/7(木) 14:27
mdpr,乃木坂46池田瑛紗、“アイドルらしからぬ”苦手なこと明かす,https://news.yahoo.co.jp/articles/3ba6889db25b1b4e72da37b934a15784585f9f6a,9/7(木) 14:20
mdpr,＜ジャニーズ会見＞故・ジャニー喜多川氏の性加害初めて認める 藤島ジュリー景子現社長・東山紀之新社長が謝罪・被害者への補償説明,https://news.yahoo.co.jp/articles/c3a31103080a576fff65bbc6132b35832beb458e,9/7(木) 14:18
mdpr,ジャニーズ事務所、東山紀之が新社長・年内をもって表舞台引退　藤島ジュリー景子氏は辞任＜会見＞,https://news.yahoo.co.jp/articles/25fe4d4904b6ee7cd6ac67e99ee351a47df2bfd1,9/7(木) 14:08
mdpr,ダレノガレ明美、急遽麻酔なしで全身のホクロ30個除去「気づいたら寝てた」,https://news.yahoo.co.jp/articles/6a1ae236b66dc53cf69ff1a2d39853d95fbd9d8c,9/7(木) 14:07
mdpr,乃木坂46与田祐希、高校で留学予定だった 念願の“初海外”で合流した男性芸人明かす,https://news.yahoo.co.jp/articles/815f12467316c458d128c339b9e66dde67501136,9/7(木) 14:05
mdpr,足立梨花＆TATSU夫妻、プロポーズ秘話明かす「私のために何回も打ち合わせをして」,https://news.yahoo.co.jp/articles/b2821658c52d5bfc39d55c277c4a183347f7f1c1,9/7(木) 14:03
mdpr,橋本環奈、清野菜名からのプレゼントに歓喜 “呼び方”に注目集まる「推し同士」「眼福コンビ」,https://news.yahoo.co.jp/articles/ea8c7eea3dd74862364a1d325f96c9d2a89533bb,9/7(木) 13:48
mdpr,BTS・V、弟妹との意外な関係告白 ビルボード1位でも全く連絡来ず「無知みたい」,https://news.yahoo.co.jp/articles/1c1f6ee64e472e169b6e01dfde1e853488aba61c,9/7(木) 13:33
mdpr,Snow Man佐久間大介、ジャニーズ高難易度ダンス曲告白「未だにあそこに到達しているジャニーズはいない」,https://news.yahoo.co.jp/articles/0bf042123f81ca9b8322254198d819c5dc9adb5b,9/7(木) 13:28
mdpr,森香澄、結婚式への不安告白「毎月行く度に震えながら帰ってくる」,https://news.yahoo.co.jp/articles/034246cd778f2a502b426e4c4f4b6ac29e2c1f38,9/7(木) 13:14
mdpr,EXIT兼近大樹、相方・りんたろー。への不満告白も意外な気遣い明らかに,https://news.yahoo.co.jp/articles/154db36aaccd83ac7d3d8815c174447a3516442f,9/7(木) 13:12
mdpr,Snow Man佐久間大介、自宅公開「賃貸です」 Hey! Say! JUMP山田涼介にゲーム部屋の相談も,https://news.yahoo.co.jp/articles/18666c3a144e0f57f35a212a847e30a85bec5110,9/7(木) 13:11
mdpr,ジャニーズWEST藤井流星、矢吹奈子と共演ドラマ「新妻不倫」撮影現場への差し入れが話題「さすがに惚れる」「イケメン」,https://news.yahoo.co.jp/articles/7e6a34b38283c2d41533e0ebd6f9e6ee7003061f,9/7(木) 13:07
mdpr,ディーン・フジオカ、アレルギー明かす「食べられなくて」,https://news.yahoo.co.jp/articles/70071d626316b3ddd73b4313f922b7b500b0402a,9/7(木) 12:58
mdpr,心不全で急逝のeスポーツキャスター・なないさん、YouTubeチャンネル存続へ 生前に残した“未投稿動画”も公開,https://news.yahoo.co.jp/articles/cf41bf3a7f2a7d0e1ff4057f1fbb8d924a91feb1,9/7(木) 12:51
mdpr,JO1河野純喜＆木全翔也、LAで“プチ喧嘩” 白岩瑠姫が暴露,https://news.yahoo.co.jp/articles/2f1d2b0c47dba23977a146c65d2ca7dd9ea2150b,9/7(木) 12:51
mdpr,大泉洋、明石家さんまの大胆発言に「めちゃくちゃ傷付けられてます」,https://news.yahoo.co.jp/articles/a0efaf6c92be3cb3ceb35a25c374430125db6cac,9/7(木) 12:50
mdpr,「ジャにのちゃんねる」出演・KinKi Kids堂本光一、KAT-TUN中丸雄一との会話中の“聞き間違い”に自らツッコミ,https://news.yahoo.co.jp/articles/c29391ff9e5e03c83772bf61fe0973ea62ff904a,9/7(木) 12:48
mdpr,JO1白岩瑠姫、豆原一成の「夜きみ」愛明かす 川西拓実は河野純喜にツッコミ＜夜が明けたら、いちばんに君に会いにいく＞,https://news.yahoo.co.jp/articles/c7fe7fdd0ee77e7ee16d485967b783f5bde61de3,9/7(木) 12:35
mdpr,Snow Man深澤辰哉、生放送で観覧席にサプライズ登場 佐久間大介の応援駆けつける,https://news.yahoo.co.jp/articles/b69f8a531037aab9f9a2aecc7e0e61cf5a6bda60,9/7(木) 12:31
mdpr,「ザ・グローリー」いじめ加害者役キム・ヒオラ、過去の校内暴力グループ所属疑惑で反省文掲載,https://news.yahoo.co.jp/articles/726f12c9e9319984c3d968978d6fdef80508ef2f,9/7(木) 12:27
mdpr,乃木坂46中村麗乃“5日間限定”ピンクヘア姿公開 大胆イメチェンに反響「可愛すぎる」「お人形さんみたい」,https://news.yahoo.co.jp/articles/787920060b43ca8e821555e363d41cac58c1178d,9/7(木) 12:20
mdpr,SEVENTEENジョンハン＆山崎賢人、ベルリンでの“約束”果たす「有言実行」「胸熱」と反響,https://news.yahoo.co.jp/articles/84b992a5b10ba1ad5a422cb68813675a5d417ee9,9/7(木) 12:19
mdpr,「VIVANT」二宮和也＆松坂桃李「乃木は味方？敵？」に回答 キーとなる存在明かす,https://news.yahoo.co.jp/articles/d2e76baefbebdbe9190d012b380848a9120d551f,9/7(木) 12:03
mdpr,“朝倉未来発掘の美女”で話題・美月、水着姿解禁の初写真集 イベントも開催＜lxxe myself＞,https://news.yahoo.co.jp/articles/131ea3f70e7e0ab5230d71898e92d414df604b14,9/7(木) 12:03
mdpr,Travis Japan中村海人＆川島如恵留、NEWSのメンバーカラー“新事実”に驚き デビュー決定の瞬間も振り返る,https://news.yahoo.co.jp/articles/0ac763343d973a0ed29ef427a3e35b5f2c707b04,9/7(木) 12:00
mdpr,乃木坂46遠藤さくら“寝起きすっぴん”パジャマ姿披露 1st写真集先行カット第11弾解禁＜可憐＞,https://news.yahoo.co.jp/articles/04ba7221fed625cb54c3aefa774440cbc8c12f2f,9/7(木) 12:00
mdpr,堂本光一・井ノ原快彦・中島健人らが「ジャにのちゃんねる」に出演「豪華すぎる」と話題に,https://news.yahoo.co.jp/articles/fc1bbfc2708c6dcaa8dc051ef20343fa010b5f9b,9/7(木) 11:47
mdpr,休養していたSEVENTEENスングァン、東京ドーム公演で復帰「戻ってきてくれてありがとう」「13人の写真に絆感じる」とファン感涙,https://news.yahoo.co.jp/articles/0dcc3682018ee3880e4733334feee35b728452dd,9/7(木) 11:38
mdpr,YouTuberカルマ、初の連ドラレギュラー出演決定 ワルウザい役に挑戦＜推しが上司になりまして＞,https://news.yahoo.co.jp/articles/ab01da1b57df17f80b550e32f7396d3e33fba33a,9/7(木) 11:25
mdpr,三代目JSB登坂広臣、メンバーでNAOTO＆今市隆二のバースデー祝福 “乾杯ショット”に反響「朝から泣いた」「胸熱」,https://news.yahoo.co.jp/articles/0ab0c94ff4da32027669d2442c6ec4cbaea9e0df,9/7(木) 11:13
mdpr,DXTEEN寺尾香信のギャップに拍手喝采 羽田空港で初パフォーマンス楽曲も＜FlyAway！DXTEEN！Fly Away！ANA！＞,https://news.yahoo.co.jp/articles/faed86a1f04f0a686190f923194ed889236b3358,9/7(木) 11:11
mdpr,キスマイ宮田俊哉、玉森裕太のSNSアイコン真似した意図  “聖地巡礼超え”撮影裏話明かす,https://news.yahoo.co.jp/articles/8c5c5a16483dc1d4f375b0cc35c55a5df6a51864,9/7(木) 11:00
mdpr,町田啓太、ハイジュエリー引き立つブラックコーデで登場 “今後演じてみたい役”も明かす「実は1度もやったことがない」,https://news.yahoo.co.jp/articles/506999af2cc4e1d9bcf35b60625b2131157581c8,9/7(木) 10:49
mdpr,笹川友里、第2子妊娠を報告 夫はフェンシング五輪メダリスト・太田雄貴氏,https://news.yahoo.co.jp/articles/eda15b60d6f965adf7564e5e98b93b69ae025c29,9/7(木) 10:29
mdpr,BE:FIRST・LEO、“30個超え”ライブ前ルーティンを直筆で初公開「多すぎて面白い」「ツッコミどころ満載」の声,https://news.yahoo.co.jp/articles/87149618747a5c2a3b6a409837112a137305be98,9/7(木) 10:29
mdpr,BE:FIRST・LEO、酔ってメンバーに愛あふれるLINE 6人の反応は？,https://news.yahoo.co.jp/articles/8e55b1af80adc52741fad1675ed2d7354d2a20fe,9/7(木) 10:11
mdpr,ONE OK ROCK＆aespa、アニメ「BEYBLADE X」テーマ曲に決定,https://news.yahoo.co.jp/articles/cd0728c0e90e62f87d0e5819dc6c17d4ab10aa16,9/7(木) 10:00
mdpr,＜結婚予定日 第5話＞佳子の身に危険が迫る,https://news.yahoo.co.jp/articles/9f823dd4eee29238701a0eb8dd8e310ce11c6c2d,9/7(木) 10:00
mdpr,＜らんまん 第115話あらすじ＞寿恵子、渋谷の町に魅了される,https://news.yahoo.co.jp/articles/a7ee2f223faeaf8c7d77b8ef8b08dd8eadcebdca,9/7(木) 8:15
mdpr,橋本環奈・新木優子・岩田剛典、“福田組”撮影秘話明かす 「赤ずきん、旅の途中で死体と出会う。」スペシャルインタビュー映像公開,https://news.yahoo.co.jp/articles/0df6f271dbe79296c01813d874745f78419f7ca0,9/7(木) 8:00
mdpr,西田尚美＆香音、MEGUMI完全プロデュースドラマ第2弾でW主演 世代異なる2人がシスターフッドに＜くすぶり女とすん止め女＞,https://news.yahoo.co.jp/articles/9a3200d24cc5f309ff752782b8264097cf9f28b4,9/7(木) 7:00
mdpr,＜彼女たちの犯罪 第8話＞繭美・由香里・理子、ついに完全犯罪が崩壊 衝撃の事実発覚,https://news.yahoo.co.jp/articles/37626bfb61d02943f2413f37d5867adeeaac68ca,9/7(木) 6:00
mdpr,小池栄子・吉岡秀隆・HiHi Jets作間龍斗ら「コタツがない家」家族写真初公開　追加キャスト発表,https://news.yahoo.co.jp/articles/7fb6a883ba025de3f1b693b87020e24b6d4c5d04,9/7(木) 6:00
mdpr,JO1、品川ヒロシ監督「OUT」主題歌に決定 コメント映像も公開,https://news.yahoo.co.jp/articles/8edbb099246ee0bcfb1488a6ed7448bd2685dabe,9/7(木) 6:00
mdpr,＜ハヤブサ消防団 第8話＞彩、太郎に壮絶な裏切り 全ての謎が繋がり始める,https://news.yahoo.co.jp/articles/9f1be179587960d33b9cbfb4f6c218e2f67d7454,9/7(木) 6:00
mdpr,矢吹奈子、ジャニーズWEST藤井流星と“偽装結婚” 連ドラ初ヒロインに抜擢＜18歳、新妻、不倫します。＞,https://news.yahoo.co.jp/articles/6aa42acbfde83da28caa99ce42abac09850c91dc,9/7(木) 5:00
mdpr,NCT新チーム、デビューメンバー決定 緊急会議で1人追加＜最終順位＞,https://news.yahoo.co.jp/articles/fd8df390713aaf9ff23e67c62ecfcf4b728596ac,9/7(木) 1:30
mdpr,Aぇ! group小島健、特技ナシに悩み「世界に通用する一芸が欲しい」驚きのショー披露,https://news.yahoo.co.jp/articles/969327ae39a8da8bc7b3dc2f88140f9ec2f0ba4e,9/7(木) 0:00
mdpr,「オオカミちゃん」出演話題・米村知希、鮮やかなセットアップ姿で爽やか笑顔,https://news.yahoo.co.jp/articles/5f5135cb1153501b6f0bba3072650daea525baa4,9/7(木) 0:00
mdpr,「こっち向いてよ向井くん」向井くん（赤楚衛二）＆洸稀（波瑠）、“虹の写真”LINEの演出が話題「鳥肌」「こんなの運命」,https://news.yahoo.co.jp/articles/225f226975413b11d48629cf328002958ec087b9,9/6(水) 23:45
mdpr,「こっち向いてよ向井くん」麻美（藤原さくら）＆元気（岡山天音）夫婦、“前向きな離婚”の結末に反響,https://news.yahoo.co.jp/articles/1bde47305fd403464521c1419b4e694f36fd898f,9/6(水) 23:22
mdpr,＜こっち向いてよ向井くん 最終話＞向井くん、洸稀に思いを伝えるのか 恋愛迷子たちの決断とは,https://news.yahoo.co.jp/articles/5c9c173e500dbaefec5a75f9aecb38c9cf0f79fb,9/6(水) 23:00
mdpr,映画「名探偵コナン 黒鉄の魚影」シリーズ歴代1位ヒット “興行収入136億円”に高山みなみが驚き,https://news.yahoo.co.jp/articles/c8ff28fd138e8f9c56b4b398e18608fdd48233c1,9/6(水) 22:23
mdpr,ローラ、大胆ドレス姿で美背中披露 “セルフラブ”の秘訣も明かす,https://news.yahoo.co.jp/articles/5808a7126ceb864820f39af6f58e3302f58ee3f7,9/6(水) 21:45
mdpr,岸優太、吉岡里帆からアドリブビンタ受ける “自然に出た”反応に共演者驚き「マジだったんだ」＜Gメン＞,https://news.yahoo.co.jp/articles/270895d578900194dfdeddd55f98f79b66b02c6d,9/6(水) 21:43
mdpr,ローラ・上野樹里・桐谷美玲・町田啓太「ブシュロン」ハイジュエリー身にまとい登場 華やかドレスで抜群スタイルも輝く,https://news.yahoo.co.jp/articles/07ebf6e412e4a6255f81c83bc3b8aa248475d50b,9/6(水) 21:11
mdpr,EXITりんたろー。“吉岡里帆の大ファン”相方・兼近のためにした驚きの行動告白＜Gメン＞,https://news.yahoo.co.jp/articles/721ce2be1a1625529d63f2e969a905aca17afb35,9/6(水) 20:59
mdpr,INI高塚大夢が“命をかけて守りたいもの”は？「ちょっとくさいこと言うんですけど…」＜ストールンプリンセス：キーウの王女とルスラン＞,https://news.yahoo.co.jp/articles/7683342570d95e3f742da5e7ac50d7b4f6bdb5db,9/6(水) 20:43
mdpr,目潰し・指噛み…“斬新エンディング妖精でバズ”佐々木心菜ら「日プガールズ」練習生4人＜プロフィール＞,https://news.yahoo.co.jp/articles/44340f3bfa34f7dc06b133072b793ae052b7f17a,9/6(水) 20:42
mdpr,EXITりんたろー。寝坊で欠席を自虐 SixTONES森本慎太郎からは愛あるメッセージ＜Gメン＞,https://news.yahoo.co.jp/articles/aa9029b3f63618ed547d3274b02c890f5baf03e9,9/6(水) 20:33
mdpr,水原希子、パートナーの支えから刺激 “ときめく恋愛の定義”も明かす「たくさん失敗してきた」,https://news.yahoo.co.jp/articles/80d1c77c75f7c7e07ede83f8b45b654bd4e55738,9/6(水) 20:18
mdpr,「NCT Universe：LASTART」選抜人数を緊急変更？デビューメンバー発表へ,https://news.yahoo.co.jp/articles/afa16d06b2a9871fd23b984899b7f47f2d057de9,9/6(水) 20:10
mdpr,水原希子、妹・水原佑果と登場 姉妹で女性向けセルフプレジャーアイテムイベント盛り上げる,https://news.yahoo.co.jp/articles/98ba2efb77fe300b56f558216ce88efc974a7cd6,9/6(水) 20:01
mdpr,岸優太、美文字披露もアクシデント発生 夏らしい浴衣姿で登場＜Gメン＞,https://news.yahoo.co.jp/articles/3f70a2e63697c232684e9b4792eaa295de36de4b,9/6(水) 19:48
mdpr,人気ラッパー集結・新番組「フリースタイル日本統一」ABEMA配信決定 GENERATIONS関口メンディーらMCで“過酷な国盗り合戦”,https://news.yahoo.co.jp/articles/681c4f65d6e34b3ef46544d2a82fad0c81f9aefd,9/6(水) 19:09
mdpr,“朝倉未来発掘の美女”・美月、初写真集で水着初挑戦 こだわりのバストケア方法とは？金髪卒業の理由にも迫る＜モデルプレスインタビュー＞,https://news.yahoo.co.jp/articles/da0b8c590129ce1dc3c74183df72588254468b0f,9/6(水) 19:00
mdpr,NCT新チーム、最終デビューメンバー決定へ テヨン・ジャニー・ヘチャンも登場＜NCT Universe：LASTART＞,https://news.yahoo.co.jp/articles/eaecab688fef95bb6083d97710af0d5c73128fae,9/6(水) 19:00
mdpr,元AKB48佐藤すみれ、第2子出産 夫のK-1ファイター・愛鷹亮が報告,https://news.yahoo.co.jp/articles/d1c05cac88a92d04a6eb17e210afe15d03ccfb90,9/6(水) 18:47
mdpr,Da-iCE花村想太、一部報道を謝罪「ステージ上での僕の言葉に嘘偽りは一切ありません」,https://news.yahoo.co.jp/articles/d77dfeabf60c65608511bb57314daef2cc2ea9f6,9/6(水) 18:28
mdpr,「VIVANT」緊急生放送、迫田孝也・飯沼愛ら4人の生出演決定,https://news.yahoo.co.jp/articles/3ee195b166414da7f1312c721ce01ec0376ca1b8,9/6(水) 18:05
mdpr,Aぇ! group「mini」初表紙 “佐野晶哉フォント”使用の脱力系カットも,https://news.yahoo.co.jp/articles/240f4cfa7b3c0650a8f882b6da945b06c36d64cc,9/6(水) 18:00
mdpr,SM新グループRIIZE、ファンクラブ名を「BRIIZE」に急遽変更,https://news.yahoo.co.jp/articles/cd7fc9fcebeb207d2ae490ceb7486ef228663b45,9/6(水) 17:58
mdpr,叶姉妹の金言相次ぐ「人生に無駄なものはない」 存在に涙するファンも,https://news.yahoo.co.jp/articles/8494f46bcc15b18f35f12e6899b273351f643a9e,9/6(水) 17:42
mdpr,漁港で働くアーティストjo0ji、1st EPリリース決定「≒」を先行配信,https://news.yahoo.co.jp/articles/a187ae5c615145191ac47d93ad9547395a19385b,9/6(水) 17:38
mdpr,叶姉妹、アンチの存在もポジティブ解釈「すごい研究してくださっている」,https://news.yahoo.co.jp/articles/78d4afd0b5d4db2d6911fbd94c0c5f2ea44b2acc,9/6(水) 17:37
mdpr,叶姉妹、3年半ぶりファンミ開催 “倍率50倍”200人に直接バラ手渡し「とっても幸せ」,https://news.yahoo.co.jp/articles/804f90e1757cdd066471267d515eb02391981326,9/6(水) 17:26
mdpr,六本木No.1キャバ嬢・KIHO（きほ）って？圧巻女神ビジュアルに留まらない人気の理由は“刺さる金言” Rちゃんコラボでも話題【注目の人物】,https://news.yahoo.co.jp/articles/06cc3205391edf0318b74fcca6fa2440e4338419,9/6(水) 17:00
mdpr,Kis-My-Ft2、6人体制で「キスブサ」新企画始動　強烈キャラを“狂演”,https://news.yahoo.co.jp/articles/1d44692df192609b0279bcefc3581d64190b7f4e,9/6(水) 17:00
mdpr,なこなこカップル、視聴者に“赤裸々に話す怖さ”はある？喧嘩などのリアルな部分も見せる理由＜モデルプレスインタビュー＞,https://news.yahoo.co.jp/articles/2b6a9f80849dbc28ce3af0fab6701836ef517c57,9/6(水) 17:00
mdpr,秋川雅史、テノール歌手・彫刻家の二刀流 3年連続で「二科展」入選,https://news.yahoo.co.jp/articles/7d405060e1d7fe30ce6f5a9880f7aae14cf97346,9/6(水) 16:42
mdpr,芳根京子、フランス4日間滞在で「人生が豊かに」一人デビュー“初体験”も回顧,https://news.yahoo.co.jp/articles/7ef4c411ab6453c99eef6445a9cbf8532cb7b5f2,9/6(水) 15:59
mdpr,山本舞香、美腹筋チラ見せ 憧れの女優明かす,https://news.yahoo.co.jp/articles/7dc14c8b12bb49489952973a06e9e21792221efe,9/6(水) 15:21
mdpr,生見愛瑠・井上想良ら「TGC 北九州」出演者第5弾発表 スカイピースがメインアーティストに,https://news.yahoo.co.jp/articles/ae656ee18985cfa8c688daf0bf06eb9b5e0e6fac,9/6(水) 15:00
mdpr,Snow Man渡辺翔太は「スクールカースト上位」同級生・指原莉乃が明かす　Sexy Zone菊池風磨＆SixTONES田中樹からタレコミも,https://news.yahoo.co.jp/articles/dd76746f091870e5850044f13b0c728b8be9b929,9/6(水) 14:00
mdpr,TBS山本里菜アナ、10月末に退社へ 今後はフリーとして活動,https://news.yahoo.co.jp/articles/54cdc937d244d6963b57c904d5f878def239a9cd,9/6(水) 13:43
mdpr,「ウソ婚」Snow Man渡辺翔太、しゃくれ変顔シーンに反響続々「それスノと同じ顔してる」「不意打ちすぎて笑った」,https://news.yahoo.co.jp/articles/7798b457ed79248eff73d282c3e84d45f1193af8,9/6(水) 13:40
mdpr,TBS10月期金曜ドラマ「フェルマーの料理」、「GirlsAward 2023 A／W」でスペシャルステージ決定,https://news.yahoo.co.jp/articles/9481359861009f1f2328d1dad64f277c5b32244e,9/6(水) 13:38
mdpr,齋藤飛鳥、乃木坂46卒業後「ガルアワ」初出演「GirlsAward 2023 A／W」追加出演者発表,https://news.yahoo.co.jp/articles/4490677630f5aefe3b876373ec0ecd8f8f138599,9/6(水) 13:31
mdpr,「真夏のシンデレラ」森七菜、TGC不在の間宮祥太朗うちわは手作りだった「すごすぎる」「素敵」と反響,https://news.yahoo.co.jp/articles/9b930b694a150681689a1c2420feebafd3912fdd,9/6(水) 13:00
mdpr,Snow Man佐久間大介、メンバーの好きな仕草告白 深澤辰哉も強く共感,https://news.yahoo.co.jp/articles/c705f6f082820e914b20a87f6df5a208133eb702,9/6(水) 12:58
mdpr,山下幸輝・綱啓永・もーりーしゅーと、コラボダンスにファン歓喜「久しぶりの8LOOM嬉しい」「一生見てられる」,https://news.yahoo.co.jp/articles/295a1c55cf8216cb683cd7c808df8be8305f0e19,9/6(水) 12:35
mdpr,「VIVANT」ノコル（二宮和也）、純白のデールには意味があった？セリフ・色がヒントに「泣ける」「納得」,https://news.yahoo.co.jp/articles/795aed5f1a685ed35a21fdac99036e718723ae6b,9/6(水) 12:20
mdpr,高梨臨＆槙野智章、リンクコーデ披露　夫婦で「andGIRL」登場,https://news.yahoo.co.jp/articles/30b79ee7782367bd1dc8e24e2dd3043f09815d70,9/6(水) 12:06
mdpr,NMB48渋谷凪咲「andGIRL」レギュラーモデルで表紙　オフショル姿＆大人な表情披露,https://news.yahoo.co.jp/articles/0ffa587e0b1e8874dd15117c23fc25384c3d28c3,9/6(水) 12:00
mdpr,Aぇ! group・GENERATIONSら「イナズマロック フェス 2023」参戦　雷神ステージ最終アーティスト発表,https://news.yahoo.co.jp/articles/a3eda229c6decd43a01da1e7db32e49d22693428,9/6(水) 12:00
mdpr,Snow Man深澤辰哉＆佐久間大介、ドライブ旅で苦戦「汗も滴るいい男たちをみて」「1つだけ1番言いたいことがある」,https://news.yahoo.co.jp/articles/ead9d439dd5b61303edc079c3bc85ec4c0f1ff71,9/6(水) 12:00
mdpr,SixTONES松村北斗、秋ニットで“抱きしめたくなる”姿　おうち時間の過ごし方・色気を感じる瞬間語る,https://news.yahoo.co.jp/articles/22219257a51264500e00c9361ef9883de8300016,9/6(水) 12:00
mdpr,さらば青春の光“愛車の値段”で森香澄アナへアピール「1000万の車を買った」報告が話題,https://news.yahoo.co.jp/articles/9a28556d091484fd62d6ff4e6af48f3dbb882182,9/6(水) 11:58
mdpr,元f(x)ソルリさん遺作ドキュメンタリー映画の予告編解禁 釜山国際映画祭で公開へ＜Dear Jinri＞,https://news.yahoo.co.jp/articles/8252f1963220425dd5fe00e60f372bd619aa0c80,9/6(水) 11:53
mdpr,椎名ひかり・藤城リエ・山吹りょうら集結の新ガールズバンド「KILLT MELT LAND」デビューライブ開催決定「最強の5人が集まりました」,https://news.yahoo.co.jp/articles/d0d7f52413d16ac2c4bc6b513d8faf74326cde85,9/6(水) 11:51
mdpr,Snow Man目黒蓮、メンバーの“ワガママな一面”明かす「言ったもん勝ち」,https://news.yahoo.co.jp/articles/48252b07024de6f2779744d2f3b133037ffac0ea,9/6(水) 11:50
mdpr,AKB48柏木由紀「チームBとは私」16年間所属の想い チーム制度休止前コンサート裏側明かされる,https://news.yahoo.co.jp/articles/352d836b6cbe05008465eaa84b90746d7c8615ce,9/6(水) 11:41
mdpr,Snow Man阿部亮平、“憧れの顔”持つジャニーズの後輩告白「THE正統派のイケメン」,https://news.yahoo.co.jp/articles/a07af9d34f9bcac562b69c40df2431cf140432bd,9/6(水) 11:36
mdpr,「ニジプロ2」チーム審査へ J.Y. Park「音程が不安定」と指摘した参加者の歌い出しに驚き「信じられないです」＜Nizi Project Season 2 Global Boys Audition＞,https://news.yahoo.co.jp/articles/16deea82e8bd6b8ea17ca65d0b7a96bcaafa59aa,9/6(水) 11:31
mdpr,NEWS小山慶一郎、ツアー初日にアクシデント「歌い手としては不可能に近い状態」,https://news.yahoo.co.jp/articles/f5ce526dc577e1460754a7e18ab1ba935ae98323,9/6(水) 11:30
mdpr,“48年ぶり自力五輪出場”バスケW杯日本代表・比江島慎選手、avexと業務委託契約締結,https://news.yahoo.co.jp/articles/310d2c78992f7362c92f6ba40ba90af82120a283,9/6(水) 11:28
mdpr,Sexy Zone菊池風磨「大人になりたくなかった」学生時代との変化実感 夏休み2日間の過ごし方とは,https://news.yahoo.co.jp/articles/cb69da28282d236c6d268c78570fc2a45e1805ef,9/6(水) 11:28
mdpr,乃木坂46矢久保美緒、遠藤さくらと「一瞬だけ2人の時間が流れました」神宮ステージ上の裏話が話題「知らなかった」「尊い」,https://news.yahoo.co.jp/articles/d8748f2bb7bfe171228e81e05b3cb36529cc6895,9/6(水) 11:09
mdpr,SixTONES松村北斗、田中樹＆高地優吾へのアドバイスが話題「距離感バグってる」“手元”に注目集まる,https://news.yahoo.co.jp/articles/0d89644449875661b62aa7da7d160c33170e187c,9/6(水) 11:01
mdpr,世界的振付師RIEHATA、Snow Manラウールとの“親子2ショット”公開 10年前のベレー帽にも注目「激アツ」「愛に溢れてる」,https://news.yahoo.co.jp/articles/5b720bad6febd065c0e750220c21cc085f03957b,9/6(水) 10:52
mdpr,なえなの、別人級ロングヘアに反響続々「イメージ変わる」「大人っぽい」,https://news.yahoo.co.jp/articles/8b1c7d7f56a90c3feada87341ae9be3480998efd,9/6(水) 10:50
mdpr,SixTONES松村北斗、京本大我からの無茶振りに即対応「きょもほく尊い」「可愛くてさすが」の声,https://news.yahoo.co.jp/articles/ec90f488564f8a258d34cc8f150f859e36c54a34,9/6(水) 10:49
mdpr,神木隆之介主演朝ドラ「らんまん」メモリアルブック決定　浜辺美波とラスト“夫婦”対談・珠玉の名シーン・特別企画収録,https://news.yahoo.co.jp/articles/8e47cb106029029a9a847c85f47d5c50ff2cc081,9/6(水) 10:31
mdpr,乃木坂46中西アルノ、爽やかな微笑みにキュン「週刊少年マガジン」再登場,https://news.yahoo.co.jp/articles/19ad8e0d43d7964740e278b2a3abddd406a67af7,9/6(水) 10:16
mdpr,＜らんまん 第114話あらすじ＞寿恵子、初の渋谷へ「ここに来るのはやめた方がいい」と言われる,https://news.yahoo.co.jp/articles/90f813065c4a7e7a18d560c22460eb4ff2c748ff,9/6(水) 8:15
mdpr,久間田琳加、JO1白岩瑠姫に役作りで助けられた部分「すごく青磁に近い」 イメージのギャップに悩んだ過去とは＜「夜が明けたら、いちばんに君に会いにいく」インタビュー＞,https://news.yahoo.co.jp/articles/09ff9cb4b82c1c6cbfc7994df109b7152ca107dc,9/6(水) 8:00
mdpr,「JCミスコン2023」“日本一かわいい女子中学生”セミファイナリスト123人決定＜SNS審査結果＞,https://news.yahoo.co.jp/articles/bc1d9ad17d14a346740060c2d5185fe14a14f1b3,9/6(水) 7:00
mdpr,＜ばらかもん 第9話＞清舟、なるとともに東京へ,https://news.yahoo.co.jp/articles/d7056af4328d63b8a4a259348d42b01e5d05a2f8,9/6(水) 7:00
mdpr,杉野遥亮、“仕事は二の次”変化した俳優としてのスタンス 主演ならではの葛藤も語る「いっぱいいっぱいになっていた」＜「ばらかもん」インタビュー＞,https://news.yahoo.co.jp/articles/da7d5a4c1f22bf7cf2df5f41597481aa2f63b188,9/6(水) 7:00
mdpr,「男子中学生ミスターコン2023」“日本一のイケメン男子中学生”発表 セミファイナリスト87人決定＜SNS審査結果＞,https://news.yahoo.co.jp/articles/3ff9f8284e622c7685bbc76d1f1b364303398f66,9/6(水) 7:00
mdpr,木南晴夏＆生見愛瑠「セクシー田中さん」クランクイン　初回から数多のベリーダンスシーン「気合いを入れて頑張りたい」,https://news.yahoo.co.jp/articles/dfe68f04eec53f55eb38acb051d8df0fb87239ee,9/6(水) 6:00
mdpr,GACKT＆二階堂ふみ「翔んで埼玉」続編、新キャスト一挙発表「翔んで埼玉展」開催決定,https://news.yahoo.co.jp/articles/59ec9a79cf0742f4ef448e85141253bba0252fd8,9/6(水) 5:00
mdpr,上白石萌歌「パリピ孔明」劇中歌、幾田りらが楽曲提供　Creepy Nutなどカバーにも挑戦,https://news.yahoo.co.jp/articles/a67bd7bf45d67db30162f43cb9818a41979253ca,9/6(水) 5:00
mdpr,堀田真由、地上波連ドラ初主演　萩原利久とピュアな大人のラブストーリー＜たとえあなたを忘れても＞,https://news.yahoo.co.jp/articles/7689bbe1c5307d4de6d678396af94b5f055fe150,9/6(水) 5:00
mdpr,Snow Man向井康二、目黒蓮におねだり失敗で嘆く「今からいいシーンやったやん」,https://news.yahoo.co.jp/articles/d85eb3adb3f402e4940fd510540a6ce5cad017a7,9/6(水) 4:00
mdpr,堂本光一、羽生結弦にラブコールで対談実現　身体表現に挑み続ける2人が語り合う,https://news.yahoo.co.jp/articles/6391fa033d98bf9dd03bfe13de3c9690619690a3,9/6(水) 4:00
mdpr,中居正広、4年ぶりCM出演でまさかの“脇役” 劇団ひとりと呼び方変更して撮影へ,https://news.yahoo.co.jp/articles/b177912074eb18c2c9e6794a5a872cb83fe66a6d,9/6(水) 0:00
mdpr,HYDE、YOSHIKI初監督映画出演で尊敬語る THE LAST ROCKSTARS結成の契機とは＜YOSHIKI：UNDER THE SKY＞,https://news.yahoo.co.jp/articles/3783ac13a9acfefc1d07cd5e51865fee7af4e6b5,9/5(火) 21:51
mdpr,YOSHIKI、“日本人初”ハリウッドに手形残す「来てくれると嬉しい」＜YOSHIKI：UNDER THE SKY＞,https://news.yahoo.co.jp/articles/45e6b2ec3484a285078e41dd432637d80961c9a1,9/5(火) 21:34
mdpr,＜みなと商事コインランドリー2 第10話＞湊、記憶喪失のシンに自分との関係聞かれる…悩んだ答えとは,https://news.yahoo.co.jp/articles/b32940af9f314a6cec7c544c10ad0d9b3a078b20,9/5(火) 21:00
mdpr,“初代バチェロレッテ”福田萌子、パートナーとの関係解消を報告 1月に第1子出産発表,https://news.yahoo.co.jp/articles/c0049673d834a18c30ea505bffbfb13438a871f8,9/5(火) 20:53
mdpr,Netflix「ウェンズデー」主要キャストのパーシー・ハインズ・ホワイト、性的暴行疑惑でシーズン2降板,https://news.yahoo.co.jp/articles/a52fed423ca3d0f0a9783365a78a1370740865c0,9/5(火) 20:04
mdpr,「VIVANT」ドラム（富栄ドラム）のテント説が有力に メイキング映像に隠されたヒント,https://news.yahoo.co.jp/articles/a63b6248a6762840e5f02f0e233ab12c6d8a3c22,9/5(火) 19:53
mdpr,横浜流星は「常にバキバキ」坂東龍汰が撮影裏側明かす＜春に散る＞,https://news.yahoo.co.jp/articles/871a831ef05be89519116f824a8d3fb45e1f9d68,9/5(火) 19:42
mdpr,横浜流星、ボクシング元チャンピオンから絶賛受ける「素人ではできない」＜春に散る＞,https://news.yahoo.co.jp/articles/1e51639f11052caf1912ef9eb749d8aef176acc0,9/5(火) 19:33
mdpr,Hey! Say! JUMP山田涼介、恋人目線動画にファン悶絶「幸せ空間」「画になる」,https://news.yahoo.co.jp/articles/cbe887eb1eb264991b155207a70f1c0e90a5b657,9/5(火) 19:03
mdpr,SEVENTEENディエイト、金髪イメチェンで雰囲気ガラリ「破壊力すごい」「神々しい」の声,https://news.yahoo.co.jp/articles/30502ecb07f4a3c900b954184849887f95a7a891,9/5(火) 18:52
mdpr,「VIVANT」ドラム（富栄ドラム）のモチーフになったキャラクターに「納得」の声,https://news.yahoo.co.jp/articles/9d4e3bd70a883a06e1480b4423a18f1a8525fd96,9/5(火) 18:45
mdpr,「トッケビ」コンビ復活 コン・ユ＆イ・ドンウク再共演にファン興奮「泣いちゃう」「シーズン2かと」,https://news.yahoo.co.jp/articles/46e4d92230a99e2c48cf2adf0952c20c081d29f8,9/5(火) 18:27
mdpr,「VIVANT」富栄ドラム、表情練習風景が「可愛すぎる」「貴重映像」と反響殺到 “色っぽい”演出も明かす,https://news.yahoo.co.jp/articles/bda7b7f2ba7e16e037379e5f77c641a58c68f59e,9/5(火) 18:23
mdpr,「VIVANT」ファンミーティング開催決定 ドラム登場＆福澤監督が制作裏話明かす,https://news.yahoo.co.jp/articles/67b51605dd19b7e9d3f1c4ab798b9616fcc3c572,9/5(火) 18:02
mdpr,Sexy Zone中島健人「本当に大変だった」胸元ざっくりコーデ＆超ハイヒール姿披露,https://news.yahoo.co.jp/articles/97761fcfc45aec8af3e39d2f396c57561ba82e9f,9/5(火) 18:00
mdpr,NiziUマヤ・リク・ミイヒ・ニナ「mini」表紙 “愛溢れる”メンバーの秘密明かす,https://news.yahoo.co.jp/articles/da1c929a35ddedb71e0989a9a64be7bdae3d9154,9/5(火) 18:00
mdpr,香里奈、Instagram更新で助けられている存在 プライベート・料理事情続々回答,https://news.yahoo.co.jp/articles/6c411d63b6cada4ae245a887f817d88fa007fb27,9/5(火) 17:16
mdpr,宮城大樹、愛車の盗難被害報告,https://news.yahoo.co.jp/articles/9fee22061b3e68f2bfb96de5c580db85d7ee9a57,9/5(火) 17:13
mdpr,“噂のビッグカップル”ティモシー・シャラメ＆カイリー・ジェンナー、初の公の場デート,https://news.yahoo.co.jp/articles/0c884bf6e18245ee065ccbc84217094fd19236dc,9/5(火) 17:07
mdpr,宮世琉弥、佐藤二朗の悩み相談に斬新回答「僕がまず奥さんと仲良くなる」＜ミュータント・タートルズ：ミュータント・パニック！＞,https://news.yahoo.co.jp/articles/2d1ead700067698c27bd31315f5443b21a47238d,9/5(火) 16:51
mdpr,宮世琉弥、過去の夢告白 ファンへお誘い「一緒にやりますか」＜ミュータント・タートルズ：ミュータント・パニック！＞,https://news.yahoo.co.jp/articles/3e10bb3b3a5f66ddd84f2182fa5d4c9f4a4df1b7,9/5(火) 16:29
mdpr,ヘラヘラ三銃士まりな、過去の衝撃恋愛エピソード明かす「髪の毛掴まれて外バーって引きずられて」,https://news.yahoo.co.jp/articles/0420290d4e298a6f65dcaae24f6af792c3e37136,9/5(火) 16:08
mdpr,“K-POP第5世代”ボネクド・ZB1・RIIZE…ボーイズも“3分弱”で勝負の時代に,https://news.yahoo.co.jp/articles/7267a3be1345f004b81507dcd6e0a991fbb3d0e0,9/5(火) 15:39
mdpr,新婚のヘラヘラ三銃士まりな、夫との出会い秘話告白 これまでの恋愛との違いも,https://news.yahoo.co.jp/articles/b767e97b94aae312ab0e2aad37288c6d17c9da4c,9/5(火) 15:09
mdpr,Hey! Say! JUMP知念侑李、伊野尾慧との“距離感”に言及「異常なんですね」,https://news.yahoo.co.jp/articles/c282c516f0930a45235ecb8d661e4ef716fbfdfb,9/5(火) 14:22
mdpr,霜降り明星・粗品、出演イベントでチケットキャンセル相次ぐ “決済不可で600枚”「俺のファンも金無いんか」,https://news.yahoo.co.jp/articles/f811ebbba6c0a1952a4913edaefca184bba11843,9/5(火) 14:17
mdpr,Hey! Say! JUMP山田涼介、ジェジュンとの2ショット公開「日韓のイケメン」「美しい」の声,https://news.yahoo.co.jp/articles/a9988f0c3430549382f597ddcbd8bb404aa43d77,9/5(火) 14:11
mdpr,NCT・aespa・RIIZEらSMアーティスト13組、Weverse参加決定,https://news.yahoo.co.jp/articles/11c63e26cb20889271f1ad1ba7fced3526564b96,9/5(火) 14:02
mdpr,コムドットやまと「全部燃える」炎上受け本気の悩み相談,https://news.yahoo.co.jp/articles/ec619a7081a664d00441013edb4d966e62a5ddbb,9/5(火) 13:57
mdpr,コムドットやまと、結婚は5人の中で「1番最初にする気がする」電撃婚しそうなメンバーは？,https://news.yahoo.co.jp/articles/7fa11618af77650c88dd66cf0d12a0853b4a68c9,9/5(火) 13:50
mdpr,KinKi Kids堂本光一「SHOCK」期間中にSexy Zone佐藤勝利ら共演者とカラオケへ エピソード語る,https://news.yahoo.co.jp/articles/3d11dc6a9c2dd9bfc79b621a32028128a1a4fcd8,9/5(火) 13:26
mdpr,KinKi Kids堂本光一「DREAM BOYS」フライング＆新曲へのこだわり明かす「いい感じに仕上がってる」,https://news.yahoo.co.jp/articles/999aa41996f0547943468693446bec4e41c30d5b,9/5(火) 12:43
mdpr,女王蜂・ルリちゃん、卒業を発表「14年間は宝物の日々」,https://news.yahoo.co.jp/articles/95226e8abebb0d8d9f8920fd60c1a0892397f1ac,9/5(火) 12:41
mdpr,「VIVANT」別班4人生存説 公式がネタバレ？「まだ使われてないはず」「入院してる？」の声,https://news.yahoo.co.jp/articles/900c5368ec2cac1b4cbc9e9d3da678c33641fae0,9/5(火) 12:40
mdpr,芦田愛菜、大学生ならではのチャレンジしたいこと明かす「自分的にはまだまだ」,https://news.yahoo.co.jp/articles/d123b9ecd36c95bdee8a6667380baac22c90625d,9/5(火) 12:36
mdpr,広瀬アリス「どうする家康」初登場シーンでの松本潤とのやり取り回顧「緊張した」,https://news.yahoo.co.jp/articles/7bb9bbfa567ecadd1c2914587cc06e9e8149f86d,9/5(火) 12:33
mdpr,長濱ねる、欅坂46卒業は誰にも相談せず「親にも言わなかった」,https://news.yahoo.co.jp/articles/8975dc3011bb670be6876f086413275f2db44f11,9/5(火) 12:18
mdpr,無期限活動休止のてんちむ、休養中・復帰について明かす,https://news.yahoo.co.jp/articles/c055b5fdb21177eee79c0220c18b1fe37fc07a65,9/5(火) 12:17
mdpr,黒羽麻璃央、妻・桜井ユキと出会った瞬間“結婚意識”「マネージャーさんに先に言った」,https://news.yahoo.co.jp/articles/6e53734bedadde3055297e89f5156f0530abf624,9/5(火) 12:10
mdpr,HKT48田中美久、豊満バストあふれるビキニ姿 韓国風可愛いグラビア初挑戦,https://news.yahoo.co.jp/articles/8ba840576ab4403b76351ee613e9f1cda783a0c2,9/5(火) 12:00
mdpr,TOKIO松岡昌宏主演「密告はうたう」続編制作決定　新たな施策を実施,https://news.yahoo.co.jp/articles/bd1d4b817dd131b72a035f9fcffc4deabe6e5f97,9/5(火) 12:00
mdpr,広瀬アリス、結婚願望は？「泥水すすってる時間が長かった」過去にも言及,https://news.yahoo.co.jp/articles/dd35b19ce8e342599e9e353d78e69b4667101252,9/5(火) 11:47
mdpr,注目の新人グループRIIZE、“アントンの父”有名作曲家ユンサンの息子愛が話題,https://news.yahoo.co.jp/articles/4c60a2880f0da1f101379880ca20f46020225ec7,9/5(火) 11:39
mdpr,「ヒカル＆てんちむは結婚している」「てんちむ引退出産説」ネット上の噂の真実告白,https://news.yahoo.co.jp/articles/51b554cc169e15fdbb2742be91edb7a0a7ffff5a,9/5(火) 11:36
mdpr,NEWS小山慶一郎、山下智久ライブ参戦時の2ショット公開「こんな日が来るなんて」とファン感動,https://news.yahoo.co.jp/articles/87692def33c04bf77ba98cc4d6fa56356f247bf6,9/5(火) 10:36
mdpr,iKON、ワールドツアー東京追加公演を急遽中止,https://news.yahoo.co.jp/articles/5f5b88d8af82fdc22f95ea140bfad820824b1dbe,9/5(火) 10:34
mdpr,Snow Man目黒蓮「CDTV」放送中に編み込みヘアにチェンジ「破壊力」「サプライズすぎる」と反響殺到,https://news.yahoo.co.jp/articles/30ba465f03a2c2caa8f4eca97d72b16d7b783e8d,9/5(火) 10:30
mdpr,赤楚衛二主演「こっち向いてよ向井くん」オリジナルストーリー配信決定,https://news.yahoo.co.jp/articles/3271a8d7db110fd79cf66e084336c7fe32bfec4c,9/5(火) 10:00
mdpr,＜らんまん 第113話あらすじ＞寿恵子、万太郎に「商いを始めたい」と話す,https://news.yahoo.co.jp/articles/b6296d41c63cb060f90e9814236596bb98790371,9/5(火) 8:15
mdpr,＜シッコウ！！〜犬と私と執行官〜 第8話＞栗橋、高熱出してひかりの前で倒れる,https://news.yahoo.co.jp/articles/862523aa3b7737cf686516aff233a381239948d0,9/5(火) 8:00
mdpr,原菜乃華、テレ東ドラマ初主演 小麦料理ラバー女子に＜こむぎの満腹記＞,https://news.yahoo.co.jp/articles/6ca94b4bdbb20a2440dab79438ab452b92e4b6fd,9/5(火) 8:00
mdpr,＜１８／４０〜ふたりなら夢も恋も〜 第9話＞有栖に緊急事態発生 祐馬と再会を果たす,https://news.yahoo.co.jp/articles/885d852866b2f8d0cb2862b386a4f423a8a564a3,9/5(火) 7:00
mdpr,＜ウソ婚 第9話＞匠、“ライバル”健斗と八重の再会に焦り 元恋人も登場？,https://news.yahoo.co.jp/articles/2d4ae8aec4f96213d077dc45ec533daf6ffb4086,9/5(火) 7:00
mdpr,吉瀬美智子、ムロツヨシ＆平手友梨奈と初共演 初の女優役で「うちの弁護士は手がかかる」出演決定,https://news.yahoo.co.jp/articles/bb9300b902caa29b0925d8ec74c6038f25cf424b,9/5(火) 6:30
mdpr,日向坂46齊藤京子、26歳バースデーに“ドラマ単独初主演”決意語る　ヒコロヒーもエール「絶対に頑張れ！」,https://news.yahoo.co.jp/articles/87d3db8c5abe6e2289566c7e5684185fc2e08d72,9/5(火) 6:00
mdpr,イモトアヤコ、4年ぶりテレビドラマ 広瀬アリス＆道枝駿佑「マイ・セカンド・アオハル」出演決定,https://news.yahoo.co.jp/articles/c79ea5831e829f68fcbd371fb24875aa0eb03d6f,9/5(火) 6:00
mdpr,GENERATIONS関口メンディー、“王者の風格”表す「パリピ孔明」圧巻のパフォーマンス映像初解禁,https://news.yahoo.co.jp/articles/926e743157b5516c97285918bb94ce4315b7fda7,9/5(火) 6:00
mdpr,Travis Japan松田元太＆松倉海斗、長すぎる沈黙に明石家さんま思わず確認「死んでる？」,https://news.yahoo.co.jp/articles/366771bb608d7665401c9f54f86b17fb7e4cf2cf,9/5(火) 6:00
mdpr,BTS・V、ソロで初登場「CDTVライブ！ライブ！」2時間SP出演アーティスト第1弾発表,https://news.yahoo.co.jp/articles/0951d099450c8b44cb2072d7ba240ec998a83346,9/5(火) 5:00
mdpr,ジャニーズWEST重岡大毅、テレ朝ドラマ初主演　ヒロイン新木優子とオシドラサタデー初の大人のラブサスペンス＜単身花日＞,https://news.yahoo.co.jp/articles/9bb4b26ee8b722bd72463b0a8a88183e7d7d50d9,9/5(火) 5:00
mdpr,板谷由夏、ブラックシリーズで連ドラ初主演 “なりすまし”一家の復讐ミステリー＜ブラックファミリア〜新堂家の復讐〜＞,https://news.yahoo.co.jp/articles/1aba51c2b8a15f73e89f07475dd0aa03eb88cee4,9/5(火) 4:00
mdpr,キスマイ藤ヶ谷太輔、料理にかける本気度 撮影後も全員食べ続ける「止まらなくなる」,https://news.yahoo.co.jp/articles/9db2187dae01b90cc0d0cc473c0652784bd97f53,9/5(火) 4:00
mdpr,「TOBE」アーティストの画像・動画使用ガイドライン発表 NG事項も,https://news.yahoo.co.jp/articles/cf6ffade04629c0c2d269b2d8f02084755146343,9/4(月) 22:06
mdpr,話題のSM大型新人「RIIZE」デビュー ショウタロウ、NCTメンバーへの感謝も語る,https://news.yahoo.co.jp/articles/3762402106e639b01b1929e163ca3fa6623a8db0,9/4(月) 21:39
mdpr,桜井日奈子、大人の艶やかな姿披露 2024年カレンダー決定,https://news.yahoo.co.jp/articles/b35a2e6b79285c16759d1fa53a4f017f81e52e74,9/4(月) 21:13
mdpr,Snow Man「Dangerholic」生披露中に“TGCラウールポーズ”続々「なべふか最高」「皆真似しすぎ」と話題,https://news.yahoo.co.jp/articles/977fb90967f0fa7b3737f1297ea9f7295160ff27,9/4(月) 21:06
mdpr,「CDTVライブ！ライブ！フェスティバル2023」ライブ配信決定 司会者も発表,https://news.yahoo.co.jp/articles/a144c9826ecc29d2900a063d709151822f1a79f7,9/4(月) 21:00
mdpr,奥山かずさ、第1子出産を報告「想像を遥かに超える大変さ」,https://news.yahoo.co.jp/articles/f77327440f3fc03922c45f1b67448ea3535a61eb,9/4(月) 20:41
mdpr,NCT新曲「Baggy Jeans」二十五、二十一の“ペク・イジン”にしか聞こえないと話題 SNSミームに本人も乗っかる,https://news.yahoo.co.jp/articles/aa308d397e0141d3b07ff6a8093fe8c7c4d22e41,9/4(月) 20:31
mdpr,キスマイ、6人体制初の新ビジュアル公開 全国ツアー＆YouTube毎週更新も決定,https://news.yahoo.co.jp/articles/52dd8e0a180b6db5bb1054b44cb5682ea5d028a5,9/4(月) 20:28
mdpr,BOYNEXTDOOR・JAEHYUN、BTSジョングクの反応に感激「成功したファンになった」＜「WHY..」メディアショーケース＞,https://news.yahoo.co.jp/articles/e040ec520b9d7b51480e8d90c22bb0781d25e310,9/4(月) 19:56
mdpr,HYBE新人BOYNEXTDOOR、話題のRIIZEと“同日リリース”で刺激「お互い良い影響を」＜「WHY..」メディアショーケース＞,https://news.yahoo.co.jp/articles/78cd93f63755dba0843671fd99d0b579cbf0ea69,9/4(月) 19:54
mdpr,平野紫耀、インスタ開設2ヶ月でフォロワー400万人突破 関連ワードトレンド入りの反響,https://news.yahoo.co.jp/articles/89836df45d60678f1b8cb4988df76b0d235e4887,9/4(月) 19:44
mdpr,放送開始前から注目「日プガールズ」“経歴不明美女”に「何者なの？」と話題沸騰 清楚ビジュ＆パフォーマンス力の山本すず＜プロフィール＞,https://news.yahoo.co.jp/articles/c502432f32fac819c85b95748482ccdc6b8cf2f8,9/4(月) 19:33
mdpr,Snow Man宮舘涼太、茶髪にイメチェン「新鮮すぎる」「黒でも金でもない」トレンド入りの反響,https://news.yahoo.co.jp/articles/44c484137eac2c09fc30ea0a59f63faae7532c91,9/4(月) 19:31
mdpr,「VIVANT」ノコル（二宮和也）、テントの敵説浮上「謎が多い」「ベキの本当の狙いは…」,https://news.yahoo.co.jp/articles/bddf7f4ad6c25e81a1d8bdb1042edb3ef649d7ea,9/4(月) 19:27
mdpr,キスマイ、6人体制初のアリーナツアー決定 生配信で発表,https://news.yahoo.co.jp/articles/1134a38a20165f87b4057894170f66d0f6f6333c,9/4(月) 19:23
mdpr,キスマイ、6人体制後初の生配信 “赤いグラス”に注目集まる,https://news.yahoo.co.jp/articles/c956455c3997d65865355d18c357f65a1335a476,9/4(月) 19:20
mdpr,YOSHIKI「乗り越えられないし、克服できない」YOSHIさん急逝の悲しみから一歩進めた理由 主催オーディションで周囲に反対された過去も＜モデルプレスインタビュー＞,https://news.yahoo.co.jp/articles/a7e4bf66898e75294cd072c2bcca7d244b524776,9/4(月) 19:00
mdpr,元アンジュルム・笠原桃奈「日プガールズ」出演 チッケム再生回数でトップ独走＜プロフィール＞,https://news.yahoo.co.jp/articles/3e5e311a1bc3bd143ace9b3af4439dca20d0c9d7,9/4(月) 18:33
mdpr,「VIVANT」緊急生放送、ドラム＆チンギスの生出演決定,https://news.yahoo.co.jp/articles/164c01acb007ef959bc668282339a5e08bb75670,9/4(月) 18:03
mdpr,神木隆之介「本当に苦しかった」役作りで葛藤 撮影中には連日“悪夢”も＜ゴジラ-1.0＞,https://news.yahoo.co.jp/articles/b704c590bc5b5330aa1421842000f247213d1ca1,9/4(月) 17:59
mdpr,話題沸騰中・ちょんまげ小僧「ひき肉です」がブームに 芸能人・インフルエンサー・ジャニーズ・K-POPアーティストまでオマージュ,https://news.yahoo.co.jp/articles/e012b4c5441747887519a887396deef89add0d88,9/4(月) 17:47
mdpr,双子出産の黒崎みさ、夫と育児トラブルで家出「泣きながら支度して出てきた」「逃げ場がない」実情訴える,https://news.yahoo.co.jp/articles/f39f79d34460c744b18933ca1bf57e9db86f29b0,9/4(月) 17:33
mdpr,神木隆之介＆浜辺美波「ゴジラ-1.0」撮影中に「らんまん」出演決定していた「令和の名コンビ」の声も,https://news.yahoo.co.jp/articles/d0aa7a406b1567e7f9c6be3eda90ea93fc91ea14,9/4(月) 17:31
mdpr,「VIVANT」乃木（堺雅人）、銃の重さで“弾の数”気づいていた？真の思惑に注目「わざとだったのか」「鳥肌」,https://news.yahoo.co.jp/articles/e6dec9940702a60e32e94ba9d14bd07bc20f1c46,9/4(月) 17:11
mdpr,ぺこぱ・シュウペイ、“すごく好き”だった人を諦めた過去 理由明かす＜GIRL or LADY 〜私が最強〜＞,https://news.yahoo.co.jp/articles/4a4576f62460ab45a1e643be0dd654dca0649d9a,9/4(月) 17:02
mdpr,INI×関ジャニ∞集合ショットにファン歓喜 “ポーズ”にも注目集まる「すごい世界線」「感慨深い」,https://news.yahoo.co.jp/articles/8af8fa7a6127c03fa98bfcdc604fd087f2b1341e,9/4(月) 16:29
mdpr,元HKT48水上凜巳花「日プガールズ」出演 指原莉乃＆LE SSERAFIM・SAKURAとの関係にも注目集まる＜プロフィール＞,https://news.yahoo.co.jp/articles/025ecfcf1bdd4712d084b9e7fd572616aa1b22b0,9/4(月) 16:20
mdpr,フィッシャーズ・ンダホ、本名初公開「めちゃくちゃかっこいい」「想像できなかった」と反響,https://news.yahoo.co.jp/articles/3d56da380bb4a9075daa2e7a7ce0cafa6d0687bc,9/4(月) 16:17
mdpr,「ゴジラ-1.0」主演は神木隆之介 ヒロインは浜辺美波 豪華キャスト一挙解禁,https://news.yahoo.co.jp/articles/250df992776cd06f3ce605e8f7eb0c2550731e9e,9/4(月) 15:27
mdpr,Snow Man阿部亮平、“理想の顔”の人物明かす 中居正広がすかさず反応,https://news.yahoo.co.jp/articles/354b16914a7e6849f730aa99f0edb4a28a875b74,9/4(月) 15:00
mdpr,橋本環奈、“地毛をオレンジに”「銀魂」役作りの裏話告白「学校にウィッグをかぶって行って」,https://news.yahoo.co.jp/articles/f067c76761db880d91e34d5a8bc6ce4ef19d6464,9/4(月) 14:49
mdpr,山田裕貴・青木崇高ら、神木隆之介主演「ゴジラ-1.0」出演決定,https://news.yahoo.co.jp/articles/0510b9c8858282d39a98f7ef93784eb9572d5495,9/4(月) 14:47
mdpr,藤崎奈々子、所属事務所退社を発表,https://news.yahoo.co.jp/articles/bd656427eb16b949fe3e723965e3bd40c8042146,9/4(月) 14:43
mdpr,桜田通・藤井夏恋ら「BAUM」初のポップアップイベントに登場,https://news.yahoo.co.jp/articles/0b70b4cbe2aefacbad50224946f4d474c99236ca,9/4(月) 14:39
mdpr,二宮和也「ジャにのちゃんねる」緊急生配信した理由告白 感謝のメッセージも「マジでみんなよくやった」,https://news.yahoo.co.jp/articles/e1381e49ef92158c500b84528bdc99cc4604e7bc,9/4(月) 14:32
mdpr,橋本環奈「紅白」初司会での大泉洋とのやり取り明かす「何回も聞かれて」,https://news.yahoo.co.jp/articles/889c3b129a348b3e61fb4a25edd7bf82cc487f12,9/4(月) 14:27
mdpr,茅島みずき“ハマっていること”明かす「朝になっているときも」,https://news.yahoo.co.jp/articles/15186478fa6ded74f158651deefdb974ed0db121,9/4(月) 14:25
mdpr,「VIVANT」第8話視聴率、番組史上最高14.9％「マイファミリー」最終回以来の快挙,https://news.yahoo.co.jp/articles/5eeaef630bcb424eda52d37026a7548da03a19e5,9/4(月) 14:12
mdpr,ジーユー、7年ぶりにイメージキャスト刷新 茅島みずき＆大平修蔵が就任「まさか自分が」,https://news.yahoo.co.jp/articles/13e207ff2596cc8b70452cb60f5a82e9393c5b19,9/4(月) 14:10
mdpr,Sexy Zone菊池風磨「もう全裸になっているので」新番組に意気込み「ドッキリGP」も担当・中川氏が明かす＜何か“オモシロいコト”ないの？＞,https://news.yahoo.co.jp/articles/4b3b8979268bdb25fb9eaf51b6d5a5b1eac49adf,9/4(月) 14:09
mdpr,ジャニーズWEST重岡大毅、中間淳太＆神山智洋から“直してほしい”と言われたことは？,https://news.yahoo.co.jp/articles/1339427831ec7f5b75f3aead514c3d5ad7d2d28e,9/4(月) 14:06
mdpr,上白石萌音、橋本環奈の「すごく嬉しかった」行動明かす「千と千尋の神隠し」稽古裏話,https://news.yahoo.co.jp/articles/db6e1345d12b3226158a31210901eefe1aa1d01b,9/4(月) 14:02
mdpr,元Cherry Bullet・ココロ（加藤心）が「日プガールズ」参戦 「アニー」出演の過去も＜プロフィール＞,https://news.yahoo.co.jp/articles/cde4ee4cda3c92c427863734cc629c514804bcaa,9/4(月) 13:50
mdpr,「silent」村瀬P、新ドラマ「いちばんすきな花」残る主演2人を“匂わせ” 多部未華子・松下洸平との対比明かす,https://news.yahoo.co.jp/articles/ea1de7e7baa08fa86a757579422b5310ea7339d7,9/4(月) 13:44
mdpr,Snow Man佐久間大介、Sexy Zone中島健人からの粋な贈り物明かす「ケンティーにしか許されない」,https://news.yahoo.co.jp/articles/ed7b240ea9eedcaefecde55639cd269c652ecea0,9/4(月) 13:30
mdpr,ジャニーズWEST重岡大毅、徹底した秘密主義明かされる 小瀧望が知る“3人の友達”とは,https://news.yahoo.co.jp/articles/fa3e56c63f081d0bb4bd9c2fae8e63475f6fff3d,9/4(月) 13:21
mdpr,「VIVANT」乃木（堺雅人）の別人格F、“登場なし”で考察多数「出てこないってことは…」「別班の作戦？」,https://news.yahoo.co.jp/articles/dcc30ee29b89ac9f8ffc5f10757bff0eaa40086c,9/4(月) 13:16
mdpr,元美容師のEXILE TAKAHIRO、愛娘の髪は「僕しか切ったことがない」思春期迎え断られるようになったら？,https://news.yahoo.co.jp/articles/afd81df9463bd667334740d2a23823427fc7363f,9/4(月) 13:16
mdpr,EXILE TAKAHIRO、父からの手紙に涙「やめようかな」と思った時期を抜け出せたきっかけ告白,https://news.yahoo.co.jp/articles/d1a0312f9b956718deec60035ab5b082b69c7663,9/4(月) 13:06
mdpr,フジテレビ、ジャニーズ性加害問題めぐる所属タレントの番組起用に言及「タレントさんに問題があったわけではない」,https://news.yahoo.co.jp/articles/021e1b643648ab4b562515f5ca4315bfc1c1f725,9/4(月) 12:59
mdpr,少年忍者・織山尚大「DREAM BOYS」全日程休演を発表「体調不良により稽古期間が十分に確保出来ない為」,https://news.yahoo.co.jp/articles/bd48cba121a0f2abd33d37eb8d674531caea4014,9/4(月) 12:57
mdpr,橋本環奈「千と千尋の神隠し」大千秋楽で号泣した理由 涙浮かべ上白石萌音への想い・救われた過去告白,https://news.yahoo.co.jp/articles/218f7652f11b1449ec80c67979a1b58cc5fce5d3,9/4(月) 12:48
mdpr,Sexy Zone中島健人、ソロコンサートでSnow Man佐久間大介からかけられた言葉明かす「不安になることが多くて」,https://news.yahoo.co.jp/articles/336304a3ef5d468468f8993ae6f34a3f742c5c0b,9/4(月) 12:26
mdpr,“10年来のマブ”上白石萌歌＆萩原利久、プライベートで“聖地巡礼”　2ショットに「エモすぎる」「激かわ」と反響,https://news.yahoo.co.jp/articles/86578ddddaca73097f30f8aec4f91262da9e3e50,9/4(月) 12:20
mdpr,「日プガールズ」センター櫻井美羽、ガルプラ・ニジプロ経て3度目のオーディション挑戦 “ファン想い”な行動も話題に＜プロフィール＞,https://news.yahoo.co.jp/articles/b14391749eb66c6387b1625e5f28a59a942452cd,9/4(月) 12:15
mdpr,フジ「ぽかぽか」終了報道を否定「議論は行われていない」,https://news.yahoo.co.jp/articles/ee491fd70d4a51e7b523d31639c0829acbe09e1a,9/4(月) 12:12
mdpr,「VS魂」後番組は相葉雅紀MC「木7◎×部」“読みにくい名前”が狙い・家族視聴を意識,https://news.yahoo.co.jp/articles/aef47a9b294b6577d2f855f7ba2860dac9e66224,9/4(月) 12:10
mdpr,SixTONES「Imitation Rain」など「YOSHIKI：UNDER THE SKY」セットリスト解禁,https://news.yahoo.co.jp/articles/6aa9c56f91d23516c5b61b2cb7e8082134c6631a,9/4(月) 12:00
mdpr,EXILE TAKAHIRO、妻・武井咲ら「戦力外捜査官」LINEグループの賑やかさ明かす,https://news.yahoo.co.jp/articles/cfed42554e6fcdf2648bb1242de2cf449a05077f,9/4(月) 11:57
mdpr,横浜流星、プライベートを積極的に明かさない理由「怖さもある」,https://news.yahoo.co.jp/articles/87f1164234d91aab35e1f89d0d7fcb8c1bfdf1c5,9/4(月) 11:40
mdpr,森カンナ、バスケW杯日本代表の夫・馬場雄大選手との”ハグ動画”に反響「最高」「素敵な夫婦」の声,https://news.yahoo.co.jp/articles/0d0730426a6f5eee1d4a92a64e7951cddb94e1e2,9/4(月) 11:39
mdpr,「VIVANT」ノコル（二宮和也）が日焼けをしていない理由発覚「白がキーワード？」「予想外」視聴者驚き,https://news.yahoo.co.jp/articles/4d13a2ec31db7449177d59f08fffbdbc54b010bd,9/4(月) 11:38
mdpr,「VIVANT」役名＆役柄不明は残り1人 鍵を握る人物か「テントかも」「野崎の後輩でもおかしくない」の声,https://news.yahoo.co.jp/articles/991aa78c2a2b46b396a04e306010add877adb50b,9/4(月) 11:29
mdpr,新納慎也・s**t kingz小栗基裕・宮本亞門、朝ドラ初出演　趣里ヒロイン「ブギウギ」新たな出演者発表,https://news.yahoo.co.jp/articles/357e3334ab8be04182e5834b5f425d6e365c932b,9/4(月) 11:27
mdpr,横浜流星、同世代俳優へのライバル心は？大河主演への意気込みも語る,https://news.yahoo.co.jp/articles/3b7cfeda11885865ff4da9e1c9f41d353adbbc5f,9/4(月) 10:57
mdpr,＜らんまん 第112話あらすじ＞万太郎、竹雄＆綾の“故郷の味”に歓喜　寿恵子が感動した料理は？,https://news.yahoo.co.jp/articles/ec09bf90e7ca134c27185379a33ac12ad9a1996f,9/4(月) 8:15
mdpr,黒島結菜「シルバニアファミリー」で声優初挑戦 松岡茉優・蒼井優ら豪華吹替えキャスト決定,https://news.yahoo.co.jp/articles/0d0d538e25ee5e9e39a84d69ebcb211423949c93,9/4(月) 8:00
mdpr,「真夏のシンデレラ」森七菜＆間宮祥太朗らがサプライズ撮影 四角関係のライブデートシーン,https://news.yahoo.co.jp/articles/73a5d1dab46ff983508f5d51945623901402fdf0,9/4(月) 7:00
mdpr,＜真夏のシンデレラ 第9話＞愛梨、修の行動に困惑,https://news.yahoo.co.jp/articles/1ee9211679c0a8c22a54084b5e516ed8353286a8,9/4(月) 7:00
mdpr,＜紅さすライフ 第7話＞雅人＆頼子、カリスマモデルと対面 トラブル勃発,https://news.yahoo.co.jp/articles/76254768b4d43190fa2fb9742ea8cc1b56c0ef9b,9/4(月) 7:00
mdpr,＜転職の魔王様 第8話＞来栖、“転職の天使様”と直接対決  天間の驚くべき発言とは,https://news.yahoo.co.jp/articles/36e5597fb38532533d938c905754c19c85dda1ed,9/4(月) 7:00
mdpr,八木莉可子が仮面アイドルに 歌＆楽器に初挑戦＜パリピ孔明＞,https://news.yahoo.co.jp/articles/6c3694560e2b17e75073d1878bdabc6e1bb8ec05,9/4(月) 6:00
mdpr,日向坂46齊藤京子、ドラマ初単独主演で不倫に溺れるスーパー店員に 衝撃ビジュアルも解禁＜泥濘の食卓＞,https://news.yahoo.co.jp/articles/6a261dd2fd790531f843918a564b2c89db4a78ba,9/4(月) 5:00
mdpr,高橋文哉＆堀田真由、竹内涼真「君と世界が終わる日に」劇場版新キャストに決定 タイトル・公開日・ティザービジュアルも解禁,https://news.yahoo.co.jp/articles/df276294a67ff6442f62a19000352046339555f9,9/4(月) 5:00
mdpr,ジャニーズWEST重岡大毅「anan」ソロ表紙で妖しい表情 メンバー愛溢れる熱い想い語る,https://news.yahoo.co.jp/articles/a8148300af13a4a678ae3bb7da36389a7af1816b,9/4(月) 0:00
mdpr,「VIVANT」ベキ（役所広司）が乃木（堺雅人）への態度を突然変えた理由「ノコルは気付いてないけど…」「裏の裏かも」考察飛び交う,https://news.yahoo.co.jp/articles/503c10f91ab30f18d09530276c6988bbc59c2a4f,9/3(日) 23:29
mdpr,「VIVANT」2つの“重大発表” ドラムが放送終了後に緊急告知,https://news.yahoo.co.jp/articles/ab63b884fa22b17be8bacebef68047c4c0b1c3e6,9/3(日) 22:37
mdpr,「VIVANT」テントの“真の目的”が明らかに さらなる謎も生まれる,https://news.yahoo.co.jp/articles/0b20776fa66bc4e81a7776b2d44a56fc1fa5931d,9/3(日) 22:12
mdpr,&TEAM、グループ結成1周年“特別な日”に感謝「ずっと僕たちと一緒にいて欲しい」浴衣姿でファンに接近・サプライズ発表も＜&TEAM 1st Anniversary ［縁 DAY］＞,https://news.yahoo.co.jp/articles/816bc842a0a926a6df2723f4d279db8904f197d2,9/3(日) 22:00
mdpr,＜VIVANT 第9話＞乃木＆ノコル、2人の息子の宿命と確執 テント誕生の秘密とは,https://news.yahoo.co.jp/articles/63aec1277bd682033db8ca18436fa099d7da870d,9/3(日) 21:54
mdpr,「VIVANT」緊急生放送決定 堺雅人・阿部寛・二宮和也らが撮影秘話を語りつくす,https://news.yahoo.co.jp/articles/612676ffacf9d1390b6e526afad084ef995d6fb2,9/3(日) 21:54
mdpr,INI、5thシングル「TAG ME」トラックリスト公開 池崎理人・田島将吾・藤牧京介が作詞参加＜コメント＞,https://news.yahoo.co.jp/articles/70078f8fe7072f3612889468fd895a2a0fc4c8db,9/3(日) 21:52
mdpr,ホッケーアンバサダー・つばきファクトリー河西結心、女子日本代表“さくらジャパン”ユニフォーム姿で登場 サプライズ演出に拍手喝采,https://news.yahoo.co.jp/articles/a42a1231a33a71d68e24f189935351e11f31c8a7,9/3(日) 21:22
mdpr,生田絵梨花が「尊い時間」と反応 “乃木坂46公式ライバル”僕が見たかった青空メンバーの個性あふれる特技とは,https://news.yahoo.co.jp/articles/77d8a422496c27e5ccacc2d24261683954d7d86e,9/3(日) 20:29
mdpr,「テラハ」木佐貫まや、第2子妊娠を発表,https://news.yahoo.co.jp/articles/b4e21a7112ddfb10da35f822c3fbdb8e73823cc4,9/3(日) 20:22
mdpr,日向坂46上村ひなの、彼女感あふれる微笑み 特典ポストカード第3弾先行公開＜そのままで＞,https://news.yahoo.co.jp/articles/f7fec6f7671eeebbac82dd0c917af8bde1e63093,9/3(日) 20:00
mdpr,MAZZEL、メンバー全員で大浴場・韓国プリクラ 仲良しエピソード明かす,https://news.yahoo.co.jp/articles/a2ff2e3715f4fc94622e1448d807aa41f7db3606,9/3(日) 19:53
mdpr,INI、WANIMAとコラボで提供楽曲「HERO」披露 池崎理人のバースデー祝福も＜WANIMA presents 1CHANCE FESTIVAL2023＞,https://news.yahoo.co.jp/articles/cb51f8250d2a078f563fdef2078205484cf4b2c2,9/3(日) 19:49
mdpr,"Snow Man深澤辰哉、フワちゃんに「憧れてます」""お揃い”予定も思わぬ展開に",https://news.yahoo.co.jp/articles/074ce79e90c043012fe4ec75a5b6eada666a1b30,9/3(日) 19:34
mdpr,みちょぱ、ウエディングドレス姿に「美しすぎる」の声 夫・大倉士門との結婚式の予定に言及,https://news.yahoo.co.jp/articles/fb0632c4968a61838697c079aee6661afbb7c68f,9/3(日) 19:21
mdpr,Snow Man深澤辰哉が明かした意外な結婚観「絶対無理」な条件とは,https://news.yahoo.co.jp/articles/23546b75fdeedf3cea4c5675cc30f941ee1e80a0,9/3(日) 19:11
mdpr,山下智久、5年ぶりアリーナツアーで芸能活動27年感謝「抱いてセニョリータ」から最新曲まで22曲披露＜ライブレポ／セットリスト＞,https://news.yahoo.co.jp/articles/1e6f49894aa8d486618a9d9f1cd3b47aed0b9f40,9/3(日) 19:02
mdpr,Da-iCE、7年ぶり2度目の武道館公演開催を発表 ファンからの“サプライズ”にもメンバー号泣＜Da-iCE ARENA TOUR 2023 -SCENE-＞,https://news.yahoo.co.jp/articles/d1a7a4c09e4ecb2d7897fd1942122322f37162f8,9/3(日) 19:00
mdpr,Da-iCE花村想太が涙ぐむ “結成12年”メンバー＆ファンへの愛と覚悟伝えた5分間＜Da-iCE ARENA TOUR 2023 -SCENE-＞,https://news.yahoo.co.jp/articles/1d05c237b688d8f8d3bc7c372af1833ec6149f05,9/3(日) 19:00
mdpr,Da-iCE、予告編パロディ・映像の伏線回収・エンドロールまで…3度目の全国アリーナツアーで映画を表現 恒例のラストもコロナ禍後初＜「Da-iCE ARENA TOUR 2023 -SCENE-」ライブレポート＞,https://news.yahoo.co.jp/articles/33853b6ec2a7272f5e586f352962fdacac2238a5,9/3(日) 19:00
mdpr,山下智久主演「正直不動産2」制作決定 福原遥も続投,https://news.yahoo.co.jp/articles/9063217f45a409ece0857d66b429f74af51ef80c,9/3(日) 18:30
mdpr,乃木坂46与田祐希、ファンの間で“審議”となったインスタ写真の真相　池田瑛紗が明かす＜乃木坂46の「の」＞,https://news.yahoo.co.jp/articles/5489f85786a748a74797cd0e31368e3620afbb7a,9/3(日) 18:30
mdpr,Aぇ! group福本大晴、HiHi Jets猪狩蒼弥＆美 少年・岩崎大昇と食事へ 出てきた料理に戸惑う「びっくりした」,https://news.yahoo.co.jp/articles/4907def727bbe74b86170c600c48d08acc2f5065,9/3(日) 18:08
mdpr,加藤玲奈、向井地美音のインタビューでヘアメイク担当 AKB48卒業後美容の道へ,https://news.yahoo.co.jp/articles/94389b8eae9e737cdfd1e726a05f7f61f0974b9f,9/3(日) 18:00
mdpr,“AKB48加入10年目”向井地美音、選抜落ちが転機に「初めての挫折だった」 総監督として変革のグループへ抱く想い・将来とは＜モデルプレスインタビュー後編＞,https://news.yahoo.co.jp/articles/9ad989426b3d643ced67b8c2f7ec7532914b1734,9/3(日) 18:00
mdpr,役所広司、二宮和也の「VIVANT」役作りの様子語る「さすがだな」,https://news.yahoo.co.jp/articles/2e0da881abf70367d9d98c68315680c5bb62c7f7,9/3(日) 17:39
mdpr,堺雅人、二宮和也の芝居絶賛「VIVANT」乃木＆ノコルが“真逆”の理由,https://news.yahoo.co.jp/articles/1f2a5307de22baade9562c1400f5574c47c4f9f8,9/3(日) 17:26
mdpr,堺雅人「VIVANT」の“キーワード”明かす「やりながらわかってきた」,https://news.yahoo.co.jp/articles/78cfb69f436896dc079df92f036c0dc443285afb,9/3(日) 17:11
mdpr,山下智久、ライブ中にNEWS宣伝 20周年ツアーは「見に行こうと思う」小山慶一郎駆けつける,https://news.yahoo.co.jp/articles/443060b31a1f79f82a3f9650d853323fb285aba3,9/3(日) 16:54
mdpr,Snow Manラウール「TGC」出演前に美 少年の楽屋へ 岩崎大昇＆藤井直樹が会話内容明かす「めちゃくちゃ嬉しかった」,https://news.yahoo.co.jp/articles/2b8dc396c21be87ee6b1004521e4dcc525fb82b0,9/3(日) 16:54
mdpr,BE:FIRST・SOTA、反抗期がなかった理由告白 支えてくれたアーティストの存在回顧,https://news.yahoo.co.jp/articles/3130f31174ae2db61c227ae84c698b8041269256,9/3(日) 16:38
mdpr,BE:FIRST・SHUNTO、20歳迎え“すごい気になっている”こととは？,https://news.yahoo.co.jp/articles/2dbc98a8d181db5502b256ce0e58e1c665f0c5d1,9/3(日) 16:19
mdpr,深田恭子、約3ヶ月ぶりインスタ更新 福原遥との“寝たふり”密着ショット公開,https://news.yahoo.co.jp/articles/8dbb185cda72b7e482639cd5f26c7d4a0f532230,9/3(日) 16:00
mdpr,みちょぱ、妊娠説を否定,https://news.yahoo.co.jp/articles/875968ee68dc85bbfff4783d8a59cc7ea749963a,9/3(日) 14:43
mdpr,ももクロ高城れに、幼少期からの“高城家の教え”明かす「布少なめの服を…」＜9-Kaw-＞,https://news.yahoo.co.jp/articles/9c45a98c74e09e5bc7dcf3b7844d815c2e7f4d0f,9/3(日) 14:41
mdpr,ももクロ高城れに、初写真集イベントでファンにタイキック メンバーに「ツッコまれました」＜9-Kaw-＞,https://news.yahoo.co.jp/articles/15b52d7fc26495a1c0fd7a8ed6769c71e44d3f0d,9/3(日) 14:23
mdpr,「最高の教師」鵜久森（芦田愛菜）の転落死に関与？衝撃の事実発覚で「ぞっとした」「怖すぎる」の声,https://news.yahoo.co.jp/articles/dfd8877041e64c8dd23337475d6926c010962c93,9/3(日) 14:14
mdpr,金子みゆ、LinQ卒業後の進路に言及＜恋人日記＞,https://news.yahoo.co.jp/articles/fc911b77c0cc226f0a09987d4324dfe6c9b987e7,9/3(日) 14:03
mdpr,「最高の教師」鵜久森（芦田愛菜）、里奈（松岡茉優）へ向けた生前の言葉に反響「タイトル回収した」「泣ける」,https://news.yahoo.co.jp/articles/f981690350691c3b6bcffa2d038a6634ac18fc4f,9/3(日) 13:51
mdpr,金子みゆ、水着＆ランジェリーカットに満足「可愛い写真が撮れてよかった」“彼女感”にこだわる＜恋人日記＞,https://news.yahoo.co.jp/articles/3928fdb8287e322dd80354241e4d835cd0f14626,9/3(日) 13:51
mdpr,ロッチ中岡「24時間テレビ」琵琶湖遠泳で2キロ減 ホッケー始球式でスーパーゴール,https://news.yahoo.co.jp/articles/659eb09cb51bda8bf58132e31e3af25d01b61d48,9/3(日) 13:27
mdpr,SixTONES高地優吾、“裸の付き合い”の芸能人明かす かかった代金も全て支払う,https://news.yahoo.co.jp/articles/a1bf5012a68dbf3d299e7fc836b4e253323f7a95,9/3(日) 13:23
mdpr,YOASOBI×SEVENTEENウジ×NewJeansのSP対談・&TEAMとTravis Japanダンスコラボも「NHK MUSIC EXPO2023」放送決定,https://news.yahoo.co.jp/articles/0d2df5fa411d8f79a87568b074b4079a0164b39a,9/3(日) 13:17
mdpr,「仮面ライダーギーツ」簡秀吉、共演したい先輩俳優明かす 今後の目標は？＜IKKAN＞,https://news.yahoo.co.jp/articles/67145289da676aa24719cfcaf85e57efd79bfe3d,9/3(日) 13:16
mdpr,簡秀吉、1st写真集でシックスパック披露 徹底した“体作り”明かす＜IKKAN＞,https://news.yahoo.co.jp/articles/03b1623cc7a3d0c7c74f7b878d7ad3828e1b75dc,9/3(日) 12:56
mdpr,SixTONES田中樹、ジェシーの“現場での振る舞い”に改めて驚く「すごいんだね」,https://news.yahoo.co.jp/articles/6ad9fe7e105527c22a0d665ad53be4f501c6255b,9/3(日) 12:49
mdpr,コムドットやまと、殺害予告・撮影場所の住所拡散に「断じてやめていただきたい」一時活動休止で対応へ,https://news.yahoo.co.jp/articles/dda8b67e4272bb524c17c3852914480b27566261,9/3(日) 12:47
mdpr,「日プガールズ」アンジュルム・HKT48元メンバーにニジプロ・ガルプラ出身者まで…実力者揃いの練習生公開で話題沸騰,https://news.yahoo.co.jp/articles/02e2573da7f1d04ef78d072eff7d72d6a6b5c667,9/3(日) 12:20
mdpr,ずん飯尾和樹、クイズ番組初MCを振り返る 横山由依は“餃子婚”に興味,https://news.yahoo.co.jp/articles/b2b9f852f662338fe15f3f568d7bbde035e9faa9,9/3(日) 12:02
mdpr,乃木坂46遠藤さくら、自作おにぎり“もぐもぐ”ほおばる 1st写真集先行カット第9弾解禁＜可憐＞,https://news.yahoo.co.jp/articles/3f47ee02cc17eb3df8e23cea88162e4e1238d078,9/3(日) 12:00
mdpr,ジャンポケ斉藤慎二、ラジオ降板 2度の不倫報道受け,https://news.yahoo.co.jp/articles/d0cc6d1433a7e6a7810812cceae83faefaf6bfbb,9/3(日) 11:42
mdpr,KAT-TUN中丸雄一、ジャニーズ「再発防止特別チーム」会見に言及「参考になるものの多くがあった」今後のポイントも指摘,https://news.yahoo.co.jp/articles/ed31925982932e9859abd5ee5bc14f33fc1ef51a,9/3(日) 10:58
mdpr,第1子出産の山崎夕貴アナ「ワイドナショー」電話中継で近況報告「また元気な姿で」,https://news.yahoo.co.jp/articles/47e883765d0dda79d5479e6811976aa9e7c6ac91,9/3(日) 10:55
mdpr,東山紀之、ジャニーズ性加害問題調査報告書・事務所の会見について言及「調査結果を重く受け止め」,https://news.yahoo.co.jp/articles/2133a7edba37ba8457ff93a6b89dc6387a896dca,9/3(日) 10:11
mdpr,「VIVANT」二宮和也、リアタイ視聴をSNS発信する裏に秘めた思い 堺雅人から学んだことも＜インタビュー＞,https://news.yahoo.co.jp/articles/1580b83e4d2572756f54ef7b1102248538d1b445,9/3(日) 9:00
mdpr,＜&TEAM結成1周年＞読者が選ぶ&TEAMの“イチオシエピソード”5選【モデルプレス国民的推しランキング】,https://news.yahoo.co.jp/articles/dc3ba78a12e4d38d2817300fd7fc9d034a2f1f7a,9/3(日) 8:30
mdpr,"新仮面ライダー抜擢・本島純政、同じ事務所から5回スカウトされた中学時代 ""憧れ""吉沢亮らに続くアミューズの新星の素顔迫る＜インタビュー＞",https://news.yahoo.co.jp/articles/027416b5203d9216b6a87baf152396cbd48e2854,9/3(日) 8:00
mdpr,＜CODE―願いの代償―最終話＞二宮たちの運命の結末は？,https://news.yahoo.co.jp/articles/07d327e1211e03264234afff52b82ece19746d53,9/3(日) 7:00
mdpr,＜どうする家康 第34話＞家康、秀吉に追い詰められ究極の2択迫る,https://news.yahoo.co.jp/articles/2ac80d70b148633e83b4c4cc9fa01a97626c95fd,9/3(日) 7:00
mdpr,中村倫也「誇れる現場でした」“イケおじ消防団”キャストと「ハヤブサ消防団」クランクアップ,https://news.yahoo.co.jp/articles/66a88e7db849fd99d5694304e15053370e7ae13e,9/3(日) 7:00
mdpr,＜何曜日に生まれたの 第4話＞すい＆純平のバイク事故の秘密明らかに？,https://news.yahoo.co.jp/articles/80d0efff7b75225638657ee1925a5382bd910b43,9/3(日) 7:00
mdpr,映画「ミスなか」、W杯バレーとコラボ 菅田将暉＆原菜乃華が特番ナレに決定,https://news.yahoo.co.jp/articles/b8056507a7621d1319939f331a5681fd66f11f74,9/3(日) 5:30
mdpr,女王蜂アヴちゃんプロデュース・龍宮城、全員でドラマ初出演 ヒロインは大原優乃＜秘密を持った少年たち＞,https://news.yahoo.co.jp/articles/fd4c68d59fe55dfc45d0e16b484be5cb9940491b,9/3(日) 5:00
mdpr,「TOBE」合流の元ジャニーズJr.大東立樹、ドラマ出演決定＜秘密を持った少年たち＞,https://news.yahoo.co.jp/articles/21edcfcb2d50d1646bd1addbbf6baa01c8f72afc,9/3(日) 5:00
mdpr,STU48内海里音、海×白ワンピで透明素肌輝く,https://news.yahoo.co.jp/articles/6c214ce927c3751c2679eabb8ae2b3887c342a12,9/3(日) 0:00
mdpr,吉沢亮・高橋文哉・Snow Manラウールら「TGC」に豪華イケメン集結 悶絶の声止まず＜TGC2023A／W＞,https://news.yahoo.co.jp/articles/24af23d9bcc01fff8a31cfc3cf118081805a7bd8,9/2(土) 23:16
mdpr,「オールナイトフジコ」出演の現役女子大生・上杉真央「TGC」で初ランウェイ ストリートMIXスタイル披露＜TGC2023A／W＞,https://news.yahoo.co.jp/articles/4ba39006ab047f5ead95f7232fc2d53e764d96d6,9/2(土) 22:48
mdpr,川口ゆりな、SEXY赤ワンピ姿で存在感 色気漂うデコルテに釘付け＜TGC2023A／W＞,https://news.yahoo.co.jp/articles/383e0ef5e22e6f2e4844b948c9ca92b9bca82c98,9/2(土) 22:43
mdpr,「らんまん」井上想良、囲み目メイクで雰囲気ガラリ パンチ抜群アイテム着こなす＜TGC2023A／W＞,https://news.yahoo.co.jp/articles/c97199fcc2ce9973084fdb66caf60c458271a2db,9/2(土) 22:42
mdpr,Happiness解散控える楓、赤ニット着こなし クールな表情で魅せる＜TGC2023A／W＞,https://news.yahoo.co.jp/articles/bd2decc81c0dd487e202808218fbdd7f3d9944e8,9/2(土) 22:31
mdpr,なにわ男子・長尾謙杜、ライブ衣装制作秘話 大橋和也「新たななにわ男子の表現を作った」,https://news.yahoo.co.jp/articles/920e53a95cf4e22bb44f9791b445b95c345204c3,9/2(土) 22:14
mdpr,齋藤飛鳥、ブラックワンピから美脚チラリ つば広ハットで小顔際立つ＜TGC2023A／W＞,https://news.yahoo.co.jp/articles/0ea1006e23b26f64ea88a58bcd4fc090a7e3dd6d,9/2(土) 22:13
mdpr,櫻坂46山崎天、おさげヘアが可愛い 個性光るシックコーデ＜TGC2023A／W＞,https://news.yahoo.co.jp/articles/b7b14403f9b2f2aa7cd0a0a7226a2aa1ba99fa1c,9/2(土) 22:06
mdpr,なにわ男子・長尾謙杜、食事奢る数少ない後輩明かす,https://news.yahoo.co.jp/articles/385117727f70d9d1e89cd94136ccd960dcd1ad15,9/2(土) 22:03
mdpr,日向坂46小坂菜緒、ハイセンスな小物使いで魅せる＜TGC2023A／W＞,https://news.yahoo.co.jp/articles/730ee26c6b8d22eb0976d3215fab5ec7f9e2c741,9/2(土) 22:01
mdpr,「Seventeen」入江美沙希、ショートパンツからスラリ美脚 ホワイトセットアップで爽やかに＜TGC2023A／W＞,https://news.yahoo.co.jp/articles/6a6e6c638185d4c0c4c75783ef60a24d2333e817,9/2(土) 21:53
mdpr,西垣匠、別人級メイクで堂々ランウェイ 会場の視線独占＜TGC2023A／W＞,https://news.yahoo.co.jp/articles/eb28b96a3fdf36646b7280ce38ae271f53ae8751,9/2(土) 21:47
mdpr,あの、スラリ美脚に釘付け アイメイク×レザーでモードな空気纏う＜TGC2023A／W＞,https://news.yahoo.co.jp/articles/9ef291a37e81260ddcdcf255dac309239c1fd362,9/2(土) 21:45
mdpr,せいら、美デコルテ＆ボディライン披露 SEXYレースタイツで色気放出＜TGC2023A／W＞,https://news.yahoo.co.jp/articles/135ff5d2f706e5aa15c6f0697dccdc405e1916c4,9/2(土) 21:35
mdpr,LE SSERAFIM「TGC」初出演で大トリ 至近距離ファンサービスに観客熱狂＜TGC2023A／W＞,https://news.yahoo.co.jp/articles/ea4e66bc14efcc42c6b9b6019bcfd6a817810319,9/2(土) 21:28
mdpr,「最高の生徒」畑芽育らNewJeansカバー披露 山下幸輝は見事な早替えも＜TGC2023A／W＞,https://news.yahoo.co.jp/articles/15270a8b5da46590c907db9b06fd7e651db429c8,9/2(土) 21:28
mdpr,高橋ひかる、胸元ざっくりワンピース姿 スラリ美脚も披露＜TGC2023A／W＞,https://news.yahoo.co.jp/articles/0b88b7cef6a400e09f3ef1860889f94398bd0873,9/2(土) 21:25
mdpr,「最高の教師」「最高の生徒」総勢約30人が「TGC」登場・役衣装でランウェイ歩く＜TGC2023A／W＞,https://news.yahoo.co.jp/articles/3fb7bedfec97eeb2c8ec111e7cffcfe97a098236,9/2(土) 21:16
mdpr,「１８／４０」で話題・嵐莉菜、オールバックヘアで存在感放つ＜TGC2023A／W＞,https://news.yahoo.co.jp/articles/8072738b6842dee795c69e289eb5cc24492285ba,9/2(土) 21:12
mdpr,益若つばさ、“ピンク髪”で8年ぶり「TGC」EXIT兼近大樹は「ずっとラウールさんの真似してて…」裏側告白 ＜TGC2023A／W＞,https://news.yahoo.co.jp/articles/e052829347b04434e9f20f5bd4ff7f68f5aaedd2,9/2(土) 21:10
mdpr,MINAMIの美脚チラリ ワントーンコーデでピンクヘア映える＜TGC2023A／W＞,https://news.yahoo.co.jp/articles/e4b41be76ef51fd168f2b5ee70725a2897891f15,9/2(土) 21:08
mdpr,OCTPATH、初の冠レギュラー番組決定　芸能界を生き抜く“ストイックさ”学ぶ,https://news.yahoo.co.jp/articles/997b1b92816cbb3c70ef5a0d9c431d1c35b24036,9/2(土) 21:00
mdpr,イエモン吉井和哉の息子・吉井添、川後陽菜とサプライズ登場 川後はソロデビュー発表後初＜TGC2023A／W＞,https://news.yahoo.co.jp/articles/0acfc03df0ae73639cf995367981fd382a128125,9/2(土) 20:59
mdpr,とうあ「絞ってきました」鍛え上げた美ウエスト堂々披露＜TGC2023A／W＞,https://news.yahoo.co.jp/articles/a0550e7d3ecbed37844e16e19a9018b4363b9a8f,9/2(土) 20:54
mdpr,藤原大祐、オールバックで印象ガラリ 柄シャツ際立つ個性派スタイル＜TGC2023A／W＞,https://news.yahoo.co.jp/articles/0aa91bbf6f75426909e22098fa8c106af932f064,9/2(土) 20:45
mdpr,Aマッソ加納「TGC」サプライズ登場で印象ガラリ 本番3時間半前に出演知る＜TGC2023A／W＞,https://news.yahoo.co.jp/articles/6defe52d6c503bfa2c69022740b9a348c2100b39,9/2(土) 20:43
mdpr,スカイピース☆イニ☆「ご報告があります」サプライズ発表「TGC」初歌唱で盛り上げる＜TGC2023A／W＞,https://news.yahoo.co.jp/articles/dcc0e15deb1e8622d9e4bb3c0777e6514b6723c2,9/2(土) 20:41
mdpr,久間田琳加、振り向きざまの微笑みにキュン レディな魅力溢れる＜TGC2023A／W＞,https://news.yahoo.co.jp/articles/2476c5391c02f1af6812946a994772fbeca642ea,9/2(土) 20:12
mdpr,櫻坂46田村保乃、“あざと可愛い”仕草で観客虜に 上品ワンピ姿が悶絶級可愛さ＜TGC2023A／W＞,https://news.yahoo.co.jp/articles/be6f091de53d07c2d95ffe081b2b0889306f8f4e,9/2(土) 20:06
mdpr,日向坂46加藤史帆“リアルお人形”級の可愛さ 圧巻ウインクに視線集中＜TGC2023A／W＞,https://news.yahoo.co.jp/articles/3e1c7b5fc974a5e7dbbd04f34bfb33fc57dd2e8c,9/2(土) 20:00
mdpr,GENERATIONS、シークレットで「TGC」10年ぶりカムバック 会場の熱気ヒートアップ＜TGC2023A／W＞,https://news.yahoo.co.jp/articles/4d45f08c277acb1df1cda84efa4807a2c375c0a7,9/2(土) 19:56
mdpr,人気YouTuberゆりいちカップル、頬くっつけ密着 仲良しランウェイにうっとり＜TGC2023A／W＞,https://news.yahoo.co.jp/articles/cd570acaa607b663496ef284d004ebf2d7c2ca43,9/2(土) 19:54
mdpr,矢吹奈子、肩出し×ミニ丈ワンピでキュートに肌見せ＜TGC2023A／W＞,https://news.yahoo.co.jp/articles/44eecbc719896389d5fe3bc656ad858956b9e8e8,9/2(土) 19:49
mdpr,日向坂46金村美玖、清楚コーデでピュアな魅力 “あざと可愛い”ポーズも炸裂＜TGC2023A／W＞,https://news.yahoo.co.jp/articles/6fb7f33873ab06b1576b33f4e121fb159e1fb3a8,9/2(土) 19:48
mdpr,中町兄妹、ランウェイで「ひき肉です」ポーズ 綾はほっそり美脚披露＜TGC2023A／W＞,https://news.yahoo.co.jp/articles/a2241b825e3c497a0d02ed75824f5dbb516d2caf,9/2(土) 19:39
mdpr,くれまぐ、USJグッズ装備でハロウィーンステージ盛り上げ ゾンビに怯える＜TGC2023A／W＞,https://news.yahoo.co.jp/articles/6fcd117dc6fd7d4923b1a048229dbc6ca80a6ea2,9/2(土) 19:33
mdpr,渡邉理佐、カチモリ×ボアブルゾン姿が可愛い＜TGC2023A／W＞,https://news.yahoo.co.jp/articles/e5aa194ddf8beee21b5c8bad4fd0b7aaf0ab9a66,9/2(土) 19:33
mdpr,「PRODUCE 101 JAPAN THE GIRLS」テーマ曲動画解禁 101人の練習生は3日0時発表,https://news.yahoo.co.jp/articles/0bc09c7a5ebd7deacd2e72f592f32039c3541c7a,9/2(土) 19:22
mdpr,矢吹奈子、シースルータイツ姿が色っぽい ブラックコーデで印象ガラリ＜TGC2023A／W＞,https://news.yahoo.co.jp/articles/8106a54ae1db78f4a3bab17e41a01b43b161f9f9,9/2(土) 19:21
mdpr,なこなこカップル、なごみの手にこーくんがキス “プロポーズジュエリー”身に付けランウェイ＜TGC2023A／W＞,https://news.yahoo.co.jp/articles/e27dddefe46584dbfcb915adff3f9b2bb8e0a213,9/2(土) 19:16
mdpr,&TEAM誕生の「&AUDITION」参加者・HIKARU、堂々ランウェイデビューで存在感発揮＜TGC2023A／W＞,https://news.yahoo.co.jp/articles/7450ea4dfa99aaf1162fd5e1085600452dd17258,9/2(土) 19:09
mdpr,土屋アンナ、イケメン息子・澄海と6年ぶり「TGC」で親子ランウェイ＜TGC2023A／W＞,https://news.yahoo.co.jp/articles/0030ef6e1cc1d072663ced8371124caadcbfe399,9/2(土) 19:02
mdpr,&TEAM・JO、息を呑む美しさ 抜群スタイル際立つ＜TGC2023A／W＞,https://news.yahoo.co.jp/articles/c6a72fb9e494297dc1ff9e5f21cea56629e35a0d,9/2(土) 19:02
