media_en,media_jp,title_articles,link_articles,date_original
it_nlab,ねとらぼ,「和歌山県で人気のスーパーマーケット」ランキング！　2位は新宮市の化粧品や文具なども置いている「スーパーセンターオークワ 南紀店」、1位は？【2024年7月版】,https://news.yahoo.co.jp/articles/02d90e5647c2c13bc37d30365ff4430a998bd25b,7/21(日) 12:55
it_nlab,ねとらぼ,【30代以下が選ぶ】「サンダルが欲しいブランド」ランキング！　2位は「アシックス」、1位は？,https://news.yahoo.co.jp/articles/4512d2baff40e2802d2381813d08274c55a6b5ed,7/21(日) 12:50
it_nlab,ねとらぼ,これは妖精……？　30年来のベテラン店員に訪れた“まさかの奇跡”にネット騒然　「めっちゃ目が合う」「いいことありそう」,https://news.yahoo.co.jp/articles/8ad06ca7b314472ee127981480b0307e56d5a36b,7/21(日) 12:45
it_nlab,ねとらぼ,「姫路市で人気のそば」ランキング！　2位は西二階町商店街にあるミシュランガイド兵庫掲載店「花そば・料理 ゆう」、1位は？【2024年7月版】,https://news.yahoo.co.jp/articles/1af7849b222b8c3ace5b6647271ae3e9f22b12f4,7/21(日) 12:40
it_nlab,ねとらぼ,【東京メトロ】「乗降人員の少ない駅」ランキング！　2位は「桜田門」、1位は？,https://news.yahoo.co.jp/articles/4ec250bb068e57f3e1c354f6412233b3f9a7393b,7/21(日) 12:35
it_nlab,ねとらぼ,「これが令和の校歌か」　甲子園地方予選で流れた“ジャパレゲ”校歌が話題……　高校に「コンセプト」を聞いた,https://news.yahoo.co.jp/articles/d4a6f0b395c0ab956c847e9cd70df2f446e55bfd,7/21(日) 12:30
it_nlab,ねとらぼ,「付録付きのムック本」おすすめ6選！　話題の「北海道チーズ蒸しケーキFAN BOOK」や「mozの多機能スマホショルダーバッグBOOK」などを紹介！【2024年7月版】,https://news.yahoo.co.jp/articles/fb476e9587c5d444f2a036de2949768c5f9e6ade,7/21(日) 12:30
it_nlab,ねとらぼ,【宮城県版】「住みここちのよい街（駅）」ランキング！　2位は「大町西公園エリア（大町西公園・青葉通一番町）」、1位は？,https://news.yahoo.co.jp/articles/87978c21056a879c16b9c0844582affacf96d21c,7/21(日) 12:25
it_nlab,ねとらぼ,「神奈川県で人気のタンメン」ランキング！　2位はトマトタンメンが人気の「李園(リエン)」、1位は？【2024年7月版】,https://news.yahoo.co.jp/articles/20ee3243e8d12453c9c779bb3ecbd2839283efa5,7/21(日) 12:20
it_nlab,ねとらぼ,ダイソーで買った330円の「石」を磨いたら……？　吸い込まれそうな美しさが40万回表示の人気　「夏休みの自由研究にもいいのでは？」,https://news.yahoo.co.jp/articles/170e5c871f23c577bbc4d5d598aa008c481b4b5f,7/21(日) 12:15
it_nlab,ねとらぼ,関東地方で一番うまいと思う「ラーメンショップ」はどこ？　3つの店舗を紹介！,https://news.yahoo.co.jp/articles/50b06f7e1bcd993c8ba33fee0b33337b0d86089c,7/21(日) 12:15
it_nlab,ねとらぼ,「福岡県で人気のスーパーマーケット」ランキング！　2位は各地の名産品など幅広い食材を販売する「ふくやたべごろ百旬館 博多の食材市場」、1位は？【2024年7月版】,https://news.yahoo.co.jp/articles/0ef4a2d799ca67b3746c8084ccc34193ff225a6e,7/21(日) 12:10
it_nlab,ねとらぼ,柚子の魅力にとりつかれて“妖怪”に　柚子沼に落ちた作者が描く同人誌マンガ『妖怪ゆずちらし』,https://news.yahoo.co.jp/articles/d06d26eb8e77a381aaaefc0c99177e2b5fe19b38,7/21(日) 12:05
it_nlab,ねとらぼ,元テレ東名物P、人気芸人と揉めた際に助けてもらった“恩人”明かす　「本当に俺も頭上がらない」,https://news.yahoo.co.jp/articles/d9104242a949d71711c7d3e34ad5d8f7b70300f6,7/21(日) 12:05
it_nlab,ねとらぼ,「熱中症対策」に買ってよかったアイテム3選！　繰り返し使える「クールネックリング」や超軽量の「日傘」などを紹介！【2024年7月版】,https://news.yahoo.co.jp/articles/7ab0a5bc9fe797405659074f5d952223b7357855,7/21(日) 12:05
it_nlab,ねとらぼ,赤ちゃんがママに「歌ってよ！」とおねだり→いざ歌い始めると……　ママ困惑の不思議すぎる反応が660万いいね【海外】,https://news.yahoo.co.jp/articles/ea426a5da2d8829b44204740602d651d1a444b65,7/21(日) 12:00
it_nlab,ねとらぼ,これって九州だけ？　“そうめんの食べ方”に各地域からさまざまな意見　「島根県西部もこれ」「これが普通だと思ってた」,https://news.yahoo.co.jp/articles/2d9658b07d5dbf597978c2b50636c1dec389edaf,7/21(日) 12:00
it_nlab,ねとらぼ,「山形の味噌ラーメン店」人気ランキング！　2位は「龍上海 米沢店」、1位は？【2024年7月17日時点の評価／ラーメンデータベース】,https://news.yahoo.co.jp/articles/787e7326bc5c651e9d2ced6137fc21325a413904,7/21(日) 12:00
it_nlab,ねとらぼ,「2024年上半期の映画」満足度ランキング！　2位は「劇場版ハイキュー!! ゴミ捨て場の決戦」、1位は？,https://news.yahoo.co.jp/articles/9640f76593a3055119051d12fa6346d0946e7da1,7/21(日) 11:55
it_nlab,ねとらぼ,桃のシーズンがやってきた！　ファミレスやカフェの桃スイーツまとめ,https://news.yahoo.co.jp/articles/2cd01d857b78c24e29faf100fe9220d12bb0d240,7/21(日) 11:55
it_nlab,ねとらぼ,「今注目されているライブ・コンサート」ランキング！　2位はTUBEの「TUBE LIVE AROUND SPECIAL 2024 SUN CUE 4 OAR」、1位は？【2024年7月16日時点／LiveFans調べ】,https://news.yahoo.co.jp/articles/72f9e6c8bb16f11ff0ba5a112d6aade122a624f9,7/21(日) 11:50
it_nlab,ねとらぼ,「人の家泊まるのダサいと思ってた」から……　母についたウソが斜め上すぎる　「笑い止まらん」「確かにカッコイイ」,https://news.yahoo.co.jp/articles/7fabc8dab7706569e570a124879379e40b0e38c6,7/21(日) 11:45
it_nlab,ねとらぼ,「うまい袋麺」！　「ZUBAAAN!」「うまかっちゃん」など、編集部員が本当におすすめしたい逸品を紹介！【2024年7月】,https://news.yahoo.co.jp/articles/c1c344ebecffe2bfdb2eea0d6c2aaac979d3235a,7/21(日) 11:45
it_nlab,ねとらぼ,「愛知県で人気のかつ丼」ランキング！　2位は平日ランチタイム数量限定のカツ丼も人気の「とんかつの廣」、1位は？【2024年7月版】,https://news.yahoo.co.jp/articles/43286577f74695531a16431f0fbedc5ab96a7294,7/21(日) 11:40
it_nlab,ねとらぼ,【スリコ】「3COINS」保冷アイテム！　「保冷ランチ巾着」「保冷ジェル保存袋3枚セット」などを紹介,https://news.yahoo.co.jp/articles/b91c3f3e96753ca936a2bd182cc3a64eadad8964,7/21(日) 11:35
it_nlab,ねとらぼ,セリアで指輪が映えるスタンドを大量購入→商品名を見たら衝撃の事実が……　まさかの正体に「久しぶりに心から笑いました」,https://news.yahoo.co.jp/articles/3d131cd0b0c14d9f7f642c5c37dc31e033733e17,7/21(日) 11:30
it_nlab,ねとらぼ,「神奈川県で人気の麻婆豆腐」ランキング！　2位は辛さが自慢の四川料理専門店「横浜中華街 四川麻婆 新館」、1位は？【2024年7月版】,https://news.yahoo.co.jp/articles/edd663f93d8ba5ebc3cc777878d9ece00ebae3eb,7/21(日) 11:30
it_nlab,ねとらぼ,「栃木県で人気のハンバーグ」ランキング！　2位は肉汁たっぷりのハンバーグが人気の「ファミリーレストラン オックス」、1位は？【2024年7月版】,https://news.yahoo.co.jp/articles/68cdfba39bcc67c9bd5efe32fd4713404527b63a,7/21(日) 11:20
it_nlab,ねとらぼ,【地元の30〜40代が選ぶ】企業からの評価が高いと思う「愛知県の私立大学」ランキング！　第2位は「名城大学」、1位は？,https://news.yahoo.co.jp/articles/1c5f8f485f0b5e5874e9e5dd5be38c52f6442a19,7/21(日) 11:15
it_nlab,ねとらぼ,「ポーチが付録のムック本」おすすめ5選！　「巾着コスメポーチ」や「推し活」にもぴったりのポーチを紹介！【2024年7月版】,https://news.yahoo.co.jp/articles/dfa345f72d415c585c4a177aa2dc0aa3c35498c1,7/21(日) 11:10
it_nlab,ねとらぼ,「宮城県で人気のバイキング（ビュッフェ）」ランキング！　2位はウェスティンホテル仙台26階にある「レストラン シンフォニー」、1位は？【2024年7月版】,https://news.yahoo.co.jp/articles/ea6b3dc881d8d557f435d3d563b5498aa5a421b1,7/21(日) 11:05
it_nlab,ねとらぼ,「鹿児島市で人気のラーメン店」ランキング！　2位は3種のとんこつラーメンが人気の「ばってんラーメン」、1位は？【2024年7月版】,https://news.yahoo.co.jp/articles/100dd1256977ecb10d2978d6d0b130f3c6797c10,7/21(日) 11:00
it_nlab,ねとらぼ,「東京都で人気のスーパーマーケット」ランキング！　2位は港区南麻布の世界各国のさまざまな食材がならぶ「ナショナル麻布」、1位は？【2024年7月18日時点】,https://news.yahoo.co.jp/articles/1d60e11bcdcbab90fe48e11e4dab0b3c6d992e1f,7/21(日) 10:50
it_nlab,ねとらぼ,【30代以下が選ぶ】名前がかっこいいと思う「GMARCHの大学」ランキング！　2位は「中央大学」、1位は？,https://news.yahoo.co.jp/articles/83d2e85965feb5e2e27a415916cf16eb4f01fc91,7/21(日) 10:40
it_nlab,ねとらぼ,愛犬が無邪気にくわえている“まさかのもの”に飼い主悲鳴！　「やめてえええええええ!」「のびのびになる〜」と話題,https://news.yahoo.co.jp/articles/0b1c5760b99d872ce2f1790506cadbf9d151e5c0,7/21(日) 10:30
it_nlab,ねとらぼ,「石川県で人気のラーメン」ランキング！　2位は金沢市にある味噌ラーメン専門店「麺屋大河」、1位は？【2024年7月版】,https://news.yahoo.co.jp/articles/7d917a4b4496de32a963b1f0acf5a22db937f902,7/21(日) 10:30
it_nlab,ねとらぼ,「今後発展が期待できる」と思う都道府県は？　3つの県を紹介！,https://news.yahoo.co.jp/articles/55949e77e11c61abc57f09a58d10a8f5a753cc87,7/21(日) 10:20
it_nlab,ねとらぼ,小1娘が学童で愛猫のマスコットを作ったら……　本猫を超越するかわいさに「尊すぎて涙」「ネコチャンダイスキのかたまりじゃないですか」,https://news.yahoo.co.jp/articles/44ac872fe536fe63138c04184b992b050c58563f,7/21(日) 10:15
it_nlab,ねとらぼ,大阪府で「名前がかっこいい」と思う市町村は？　3つの地域を紹介！,https://news.yahoo.co.jp/articles/b0023e32c0c88fada24a942aada3a1ff5c3ec5ff,7/21(日) 10:10
it_nlab,ねとらぼ,「暑くなったらこの3つだけはやって」　農家直伝・キュウリ栽培の“意外な落とし穴”と対策が「参考になる」と話題,https://news.yahoo.co.jp/articles/2977893a2abaab5b85ddba15367e6f23e16673fe,7/21(日) 10:05
it_nlab,ねとらぼ,【FNS27時間テレビ】「逃走中」で活躍したと思う逃走者は？　3人を紹介！,https://news.yahoo.co.jp/articles/c95f891cdc67d8a28375b760a897f1620ce72e2b,7/21(日) 10:05
it_nlab,ねとらぼ,「佐賀県で人気のラーメン」ランキング！　2位はチャーシューが人気の鹿島市のお店「松福」、1位は？【2024年7月版】,https://news.yahoo.co.jp/articles/39f650557cffbe7fc206852753ae9c80afe6fad1,7/21(日) 10:00
it_nlab,ねとらぼ,「京都府で人気のステーキ」ランキング！　2位は厳選された神戸牛が味わえる「神戸ステーキレストラン モーリヤ 祇園」、1位は？【2024年7月版】,https://news.yahoo.co.jp/articles/38ee98647c185365320087bb8b33944425548e85,7/21(日) 9:50
it_nlab,ねとらぼ,【男性に聞いた】通ってみたい「フィットネス系チェーン」ランキング！　2位は「ライザップ」、1位は？,https://news.yahoo.co.jp/articles/8c20cd489c0722dac0615ece2f2c02bc08602e0e,7/21(日) 9:45
it_nlab,ねとらぼ,「PORTER（ポーター）のトートバッグ」おすすめ6選！　通勤・通学にも使える便利なアイテムなどを紹介！【2024年7月版】,https://news.yahoo.co.jp/articles/8cc81db4289804e2d598b8435abbb5be032b497c,7/21(日) 9:40
it_nlab,ねとらぼ,猫たちはお留守番中なにしてた……？　残った“証拠”に爆笑の声「事件のかおりがしますね……」「宴（？）のあとがすごい」,https://news.yahoo.co.jp/articles/4eaf9266b559476e5a4fd284b0bfe86b787674f0,7/21(日) 9:30
it_nlab,ねとらぼ,再現度高くてすごっ！　身近なお菓子やお酒のパッケージを刺しゅうした作品、「尊敬しかない」「テンション上がる」と賛辞集まる,https://news.yahoo.co.jp/articles/1350315d2b975625b1e8047759e05ddf96ce8d3f,7/21(日) 9:30
it_nlab,ねとらぼ,「所沢市で人気のラーメン店」ランキング！　2位はベルーナドーム近くのお店「さやま食堂」、1位は？【2024年7月17日時点】,https://news.yahoo.co.jp/articles/10cfbe662c6bb91678fb162d02eb634df53fbd9d,7/21(日) 9:30
it_nlab,ねとらぼ,「埼玉県で人気のディスカウントスーパー」ランキング！　2位は川口市のお弁当やお総菜もおいしいお店「オーケー 川口店」、1位は？【2024年7月版】,https://news.yahoo.co.jp/articles/4f660742c513077790092ceca393e6c87cbc3061,7/21(日) 9:20
it_nlab,ねとらぼ,【関東の60代に聞いた】「文武両道なイメージの都立高校」ランキング！　2位は「国立高校」、1位は？,https://news.yahoo.co.jp/articles/c5b6035b351e3d0a7705db3ce25481c191e9ca91,7/21(日) 9:15
it_nlab,ねとらぼ,「ザ・ノース・フェイスのトートバッグ」おすすめ6選！　デイリーからアウトドアまで使えるアイテムなどを紹介！【2024年7月版】,https://news.yahoo.co.jp/articles/1464998b4cc9129307b558961f2d3f4821d7999a,7/21(日) 9:10
it_nlab,ねとらぼ,「コストコで人気のジュース」ランキング！　2位は「カゴメ トマトジュース 食塩無添加 720 ml×9本」、1位は？【2024年7月18日時点】,https://news.yahoo.co.jp/articles/61473732c088bb412f8791ea37c55f06699939ae,7/21(日) 9:05
it_nlab,ねとらぼ,「サーティーワンが焼けました！」　このアイス実は……　驚きの正体に仰天「脳がびっくりする」「素晴らしい才能」,https://news.yahoo.co.jp/articles/c92784de424b50364d4dba66dd3012421cbbb6d8,7/21(日) 9:00
it_nlab,ねとらぼ,「お気に入りはどれですか？」　横浜高島屋が歴代の顧客係の制服を公開　「全部素敵」「どれもオシャレ」と反響,https://news.yahoo.co.jp/articles/e20840db66dc10f90ff5817c29b40afde6c37e49,7/21(日) 9:00
it_nlab,ねとらぼ,トイプー兄弟の家に大型ワンコが！→最初は呆気にとられていたが……　ホロリと来るラストに「みんなドタバタでほんとかわいい」,https://news.yahoo.co.jp/articles/1f1bf04900d4f468252d9badd33152992de67503,7/21(日) 9:00
it_nlab,ねとらぼ,「江東区のラーメン店」人気ランキング！　2位は「こうかいぼう」、1位は？【2024年7月17日時点の評価／ラーメンデータベース】,https://news.yahoo.co.jp/articles/9907691835b91cee7f005d71c4cd0cab3b35cf51,7/21(日) 9:00
it_nlab,ねとらぼ,「京都府で人気の定食」ランキング！　2位は京都市の手づくり料理のお店「手造りごはんや いとう」、1位は？【2024年7月版】,https://news.yahoo.co.jp/articles/e505f6706bfdf5600354e1de5384903b0f3457fa,7/21(日) 8:50
it_nlab,ねとらぼ,ホテルで使ったタオル、どこに置く？　ホテル従業員が「こうしてもらえると助かる」とアドバイス,https://news.yahoo.co.jp/articles/d51519b775f165b3568eb62437034df0dec442dd,7/21(日) 8:45
it_nlab,ねとらぼ,「笑ったww」「とんでもねぇ」　AIの指示通りにメイクしてみたら……？　衝撃すぎる仕上がりに爆笑「1周まわって芸術」,https://news.yahoo.co.jp/articles/69b62a0efaf514e00908d0aaf42b5bebf0fa1cb5,7/21(日) 8:45
it_nlab,ねとらぼ,【50代に聞いた】最高にうまい「サッポロ一番の袋麺」ランキング！　2位は「塩らーめん」、1位は？,https://news.yahoo.co.jp/articles/27679bc7d506fd96f5d1bb6bac3960d1807b0756,7/21(日) 8:40
it_nlab,ねとらぼ,そういうことか……！　道で見つけた“JPEG画像”みたいなフタ → 意味が分かると笑っちゃう例えに「うまいww」「センス良すぎ」,https://news.yahoo.co.jp/articles/40cdf6533e95d13fbf0e07f0d9cbe0638f245f2f,7/21(日) 8:30
it_nlab,ねとらぼ,0歳赤ちゃんのお世話をまねっこしていた1歳女の子、1年後の現在は……　優しさあふれる光景に「可愛過ぎて、、」「癒されますね」,https://news.yahoo.co.jp/articles/28526ee90929998afeea4db947f2d70f94008df9,7/21(日) 8:30
it_nlab,ねとらぼ,その手があったか！　森永が紹介する「アイスボックス」アレンジレシピに反響　「夏にぴったり」」「こどもと一緒に作りたい」,https://news.yahoo.co.jp/articles/74a364cf0c4d1a52d92766e354990783962e635a,7/21(日) 8:30
it_nlab,ねとらぼ,「南紀白浜温泉（和歌山県）で人気の旅館」ランキング！　2位は西牟婁郡白浜町の老舗「柳屋」、1位は？【2024年7月版】,https://news.yahoo.co.jp/articles/78bbaea4406a7d61da0580a42c1ebb528c06bc5e,7/21(日) 8:30
it_nlab,ねとらぼ,【難読地名】地元民しか読めないと思う「三重県の市町村名」ランキング！　60代以上女性の2位は「松阪市」、1位は？,https://news.yahoo.co.jp/articles/cc70e6027cb0c09e4ac5e936b333ff8493a0eb26,7/21(日) 8:20
it_nlab,ねとらぼ,「CDシングル」を使う数学問題→現代風にアップデートすると……？　“まさかの代替物”を使った新解釈に7万5000いいね,https://news.yahoo.co.jp/articles/592721f224e7d7956593d2dc4ecda7a4717a70e3,7/21(日) 8:15
it_nlab,ねとらぼ,「板橋区で人気の定食」ランキング！　2位は坂下1丁目の昔ながらの町中華「栄楽」、1位は？【2024年7月16日版／Googleクチコミ】,https://news.yahoo.co.jp/articles/56ecd1dbee4d96ded91120beec76b05938034331,7/21(日) 8:10
it_nlab,ねとらぼ,ジッパー袋1つで“梅干し”が出来る！　料理家が教える“いちばん簡単な作り方”に「白い梅干し、美味しそう」「少量で作りました！」,https://news.yahoo.co.jp/articles/0ca178393132e61127075c19cacf600298170523,7/21(日) 8:05
it_nlab,ねとらぼ,赤ちゃんが初めて立った“意外なきっかけ”に10万いいね　「夢中ってすごい」「この子に見習いたい」の声,https://news.yahoo.co.jp/articles/f25f106091d7ca967db72ef3f76583d48aa6e641,7/21(日) 8:00
it_nlab,ねとらぼ,「え!?マジ!?」　有名中古チェーンで発見した「480万円」の商品に思わず二度見　「恐ろしや……」,https://news.yahoo.co.jp/articles/06ad09f071b29dc00fd19792aedd1f150546e951,7/21(日) 8:00
it_nlab,ねとらぼ,「徳島のラーメン店」人気ランキング！　第2位は「中華そば いのたに 本店」、1位は？【2024年7月16日時点の評価／ラーメンデータベース】,https://news.yahoo.co.jp/articles/5f1b17e4c65bf6c8d8598480c248bbab8b8844ab,7/21(日) 8:00
it_nlab,ねとらぼ,「Minecraft」の折り畳みコンテナが付録で登場！　TNTブロックやクリーパーのデザイン,https://news.yahoo.co.jp/articles/7d0a48635db2f29fc4cf3b34701b4c93c47b2817,7/21(日) 8:00
it_nlab,ねとらぼ,【大阪府版】外国人観光客に人気の「観光スポット」ランキング！　2位は「梅田スカイビル」、1位は？,https://news.yahoo.co.jp/articles/53dcf480c044333f82ec826e9eb83afe91558b5a,7/21(日) 7:50
it_nlab,ねとらぼ,【スーパー戦隊シリーズ】あなたが好きな「追加戦士」は誰？　3人を紹介！,https://news.yahoo.co.jp/articles/d903440d328a827b9eb56a276e131c1f44b62405,7/21(日) 7:40
it_nlab,ねとらぼ,「名古屋市で人気のスーパーマーケット」ランキング！　2位は生鮮食品の鮮度と品ぞろえが好評な「スーパーマーケットバロー 高辻店」、1位は？【2024年7月16日時点】,https://news.yahoo.co.jp/articles/9b788045ac68654d59931a6ca11c99623bfc6b18,7/21(日) 7:30
it_nlab,ねとらぼ,「神保町で人気のそば」ランキング！　2位は神田神保町2丁目のランチで人気な「道庵」、1位は？【2024年7月版】,https://news.yahoo.co.jp/articles/49faf006ed668ba9bbd11bec3bee9c17715b418f,7/21(日) 7:25
it_nlab,ねとらぼ,帰省するときに買いたい「東京駅限定のお土産」はどれ？　3商品を紹介！,https://news.yahoo.co.jp/articles/04d5b306788f5681b87e609860d7960dcdd6eee3,7/21(日) 7:20
it_nlab,ねとらぼ,「オレンジデイズ」から20年、当時出演キャストの現在　人気俳優の若手時代、突然引退した俳優も,https://news.yahoo.co.jp/articles/b5aa575044b68aa13a1feb5d56937ed2b7e00ec8,7/21(日) 7:15
it_nlab,ねとらぼ,「岐阜県で人気のケーキ店」ランキング！　2位は可児郡御嵩町のハーブ庭があるお店「ラ・プロヴァンス」、1位は？【2024年7月16日時点】,https://news.yahoo.co.jp/articles/61567c0df020dc4bac747aa9a185f8f8b1141903,7/21(日) 7:10
it_nlab,ねとらぼ,「足立区で人気のスーパーマーケット」ランキング！　2位は店内にあるベーカリーも人気の「マミーマート 足立島根店」、1位は？【2024年7月16日時点】,https://news.yahoo.co.jp/articles/8efff53af498df239a3373e3d613a84e6c8a51e6,7/21(日) 7:00
it_nlab,ねとらぼ,【30代以下が選ぶ】見ていて癒やされる「韓国の男性俳優」ランキング！　2位は「ソ・イングク」、1位は？,https://news.yahoo.co.jp/articles/15c2b5258f3e4e4d4ee03f2aaa6bf858c3bb87ac,7/20(土) 22:40
it_nlab,ねとらぼ,「福島県で人気の寿司」ランキング！　2位は相馬市の松川浦漁港近くで営業する「菊寿司」、1位は？【2024年7月17日時点】,https://news.yahoo.co.jp/articles/3a53a54b3453aea596431657defecdbcb2f79397,7/20(土) 22:30
it_nlab,ねとらぼ,【明治大学】「文科系学部卒業生の就職先」ランキング！　2位は「みずほフィナンシャルグループ」、1位は？,https://news.yahoo.co.jp/articles/da667c4d09a7c17bdefd7824500e3199deb59163,7/20(土) 22:20
it_nlab,ねとらぼ,「伊豆・箱根・熱海のホテル・旅館」人気ランキング！　2位は「食べるお宿 浜の湯（静岡県賀茂郡東伊豆町）」、1位は？,https://news.yahoo.co.jp/articles/86065541f3bc339d2b663d44254e3a3b168ee61d,7/20(土) 22:15
it_nlab,ねとらぼ,「大阪府で人気の豚骨ラーメン」ランキング！　2位は羽曳野市の手頃な価格で本格的な豚骨ラーメンが楽しめる「豚骨ラー麺 ごん太」、1位は？【2024年7月版】,https://news.yahoo.co.jp/articles/ee0fb0ddf07dfb1ef1eb00309560ef515c6c6521,7/20(土) 22:10
it_nlab,ねとらぼ,赤いカブトムシを7年間、厳選交配し続けたら……　爆誕した“ウルトラレッド”の姿に「フェラーリみたい」「カッコ良すぎる」,https://news.yahoo.co.jp/articles/00c751aa6020cd2229e3caf532a69732ca9041da,7/20(土) 22:05
it_nlab,ねとらぼ,「三重県で人気の寿司」ランキング！　2位は志摩市にある名店「鮨暁」、1位は？【2024年7月版】,https://news.yahoo.co.jp/articles/8184c5d58ff46f0d94298036e14ca42057af445b,7/20(土) 22:00
it_nlab,ねとらぼ,【女性が選ぶ】声優「福山潤」が演じたテレビアニメキャラ人気ランキング！　第2位は「松野一松（おそ松さん）」、1位は？,https://news.yahoo.co.jp/articles/90f58d9f503ab19f072330a29fe914605ff329a5,7/20(土) 21:50
it_nlab,ねとらぼ,「大阪府で人気のハンバーグ」ランキング！　2位は絶品洋食を味わえる「味の洋食 ニューとん助」、1位は？【2024年7月版】,https://news.yahoo.co.jp/articles/7d846386e25581cb163bf0ca6a35886a1ad9dd08,7/20(土) 21:40
it_nlab,ねとらぼ,これであなたも伊達政宗　伊達政宗をイメージしたダテメガネが爆誕,https://news.yahoo.co.jp/articles/9050d804eedbc2902c573156599e97e4f8072009,7/20(土) 21:35
it_nlab,ねとらぼ,保護ワンコの“歯石除去”ビフォーアフターに感動　黄色く変色→ツルツル＆ピカピカの変貌に「凄い」「口腔ケア大切ですね」,https://news.yahoo.co.jp/articles/4c215dcf642a0ad40d81c52851bf364f842a69eb,7/20(土) 21:30
it_nlab,ねとらぼ,「北海道で人気のカレー」ランキング！　2位は札幌市にある異国感漂う内装が特徴の「ラマイ 札幌中央店」、1位は？【2024年7月版】,https://news.yahoo.co.jp/articles/9527d649513bf2eae2d2e6772201cff8e09fd4b6,7/20(土) 21:30
it_nlab,ねとらぼ,【関東在住者に聞いた】訪れてみたい「北海道・道央エリアの道の駅」ランキング！　2位は「とうや湖」、1位は？,https://news.yahoo.co.jp/articles/164162352b8722caef9d7076850ebd997f15f652,7/20(土) 21:25
it_nlab,ねとらぼ,「群馬県で人気の焼きそば」ランキング！　2位は高崎市にある焼きまんじゅうも人気の「二代目焼きまんじゅう だるま本店」、1位は？【2024年7月版】,https://news.yahoo.co.jp/articles/83bb494b1801181b75b2b1f5a0a51f789469403b,7/20(土) 21:20
it_nlab,ねとらぼ,「熊本県で人気のうなぎ」ランキング！　2位は蒲焼・素焼などを提供する玉名郡の「鰻の山口」、1位は？【2024年7月版】,https://news.yahoo.co.jp/articles/d4be9430bf0bce2f5301a1e2cf6eefc84cc5f231,7/20(土) 21:10
it_nlab,ねとらぼ,「1万円以下のスパイクレスゴルフシューズ（メンズ）」おすすめ6選　ニューバランスやプーマなど人気ブランドのアイテムをピックアップ！【2024年7月版】,https://news.yahoo.co.jp/articles/82d5a83a24c5e7d90b51f272f12b96ab2f522529,7/20(土) 21:05
it_nlab,ねとらぼ,もこもこだったヒツジたちが……　キュートすぎる“毛刈り後の姿”が13万いいね超え,https://news.yahoo.co.jp/articles/8553228aead65de22a3b891d071cc1bde32c6903,7/20(土) 21:00
it_nlab,ねとらぼ,寝起きの夫に妻「買い物行ってくるね」→飛び出た名言が胸キュンの330万再生　「想像以上でした」「俺も見習わんと」,https://news.yahoo.co.jp/articles/cf37143c785b2921e092c37fe4110d2cf65f338c,7/20(土) 21:00
it_nlab,ねとらぼ,「浦和で人気のランチ」ランキング！　2位は健康的な食事を楽しめる「こもれび食堂＋」、1位は？【2024年7月16日時点】,https://news.yahoo.co.jp/articles/92d556aa640e1c662b744f12f065d2ddb3fc0966,7/20(土) 21:00
it_nlab,ねとらぼ,「広島県で人気のうどん店」ランキング！　2位は呉市にある巨大なかき揚げが名物の店「ゆりいち（元うどんじろう）」、1位は？【2024年7月版】,https://news.yahoo.co.jp/articles/a33512d736d916a7e735a2e316db937044972a4c,7/20(土) 20:50
it_nlab,ねとらぼ,ヤマト運輸から届いた“予告状”に7万いいね　逆怪盗キッドという発想に「オモロすぎる」「センス良すぎて笑ったwww」,https://news.yahoo.co.jp/articles/2bcd3b371db59d9efbc550aa752e7e0da63070c8,7/20(土) 20:45
it_nlab,ねとらぼ,「大阪市で人気のパン（ベーカリー）」ランキング！　2位は中津駅から徒歩数分のところにある「HATSUTATSU」、1位は？【2024年7月版】,https://news.yahoo.co.jp/articles/1f630c1bbd268a0c6fe1116b870649cd09b800d3,7/20(土) 20:40
it_nlab,ねとらぼ,セリアで買ったキリンのおもちゃが強烈……！　悪夢みたいなビジュアルに「怖っ」「熱が出た時の夢で見そう」,https://news.yahoo.co.jp/articles/8c9dcbaf017119eb0362a665a1006cb07b3c71b8,7/20(土) 20:30
it_nlab,ねとらぼ,ぽんぽこおなかでくつろぐ保護子猫、実は……　信じがたいまさかのギャップに「ウソみたいだろ」「ヘソ天隙だらけなのに？」,https://news.yahoo.co.jp/articles/34e9d49262334b7815af871338e8cb6fc44d3144,7/20(土) 20:30
it_nlab,ねとらぼ,「白河市のラーメン店」人気ランキング！　2位は「手打中華 やたべ」、1位は？【2024年7月18日時点の評価／ラーメンデータベース】,https://news.yahoo.co.jp/articles/53adb7b60681d48f9f687aca2dad0a73ed33aec3,7/20(土) 20:30
it_nlab,ねとらぼ,スリーコインズからモノトーンカラーの推し活アイテム　グッズ交換用ボードなど登場で「来るとこまで来てる」「天才」,https://news.yahoo.co.jp/articles/919d683daa56fb90630379dd26bd294f0952ceee,7/20(土) 20:30
it_nlab,ねとらぼ,【地元の40代が選ぶ】入学できたら自慢できそうな「福岡県の私立高校」ランキング！　2位は「久留米大学附設高校」、1位は？,https://news.yahoo.co.jp/articles/35051777fc4552b853febb626716810317eadb2a,7/20(土) 20:25
it_nlab,ねとらぼ,「茨城県で人気のうどん」ランキング！　2位はつくば市北条にあるこだわりの専門店「釜揚うどん店 あおやま」、1位は？【2024年7月版】,https://news.yahoo.co.jp/articles/abb47cbf684c985c922c6e350573d87467858e43,7/20(土) 20:20
it_nlab,ねとらぼ,「どういう構造」　ちょうちんを持ったら……　“まさかの仕掛け”に仰天！　妖怪美術館の道案内に「こういうの好き」,https://news.yahoo.co.jp/articles/b5ce55080b7b6a78ab98d685713f543bf1a5753b,7/20(土) 20:15
it_nlab,ねとらぼ,【50代男性が選ぶ】最高に面白いと思う「恋愛系韓国ドラマ」ランキング！　第2位は「涙の女王」、1位は？,https://news.yahoo.co.jp/articles/0c23d25ef807de926e6c635f61b4ca3fe7e75c72,7/20(土) 20:10
it_nlab,ねとらぼ,「生きてて良かった」　箱根の温泉施設にある“バリアフリー露天風呂”が話題　　車椅子のまま入れる“驚きの仕組み”とは,https://news.yahoo.co.jp/articles/2252c11664d1c4682a99b353afddaad45233de04,7/20(土) 20:00
it_nlab,ねとらぼ,飛行中に突然キャノピーが開いて絶体絶命……　蘭パイロットが遭遇した危機にハラハラする,https://news.yahoo.co.jp/articles/1762e9ddd64ee3da3cce57a24fa7ec620ea0d63f,7/20(土) 20:00
it_nlab,ねとらぼ,「群馬県で人気の洋食店」ランキング！　2位は草津町にあるボリューム満点と評判のお店「洋風レストラン どんぐり」、1位は？【2024年7月16日時点】,https://news.yahoo.co.jp/articles/7a503633a3d4cfd6461202fcc8170b9681e3c667,7/20(土) 20:00
it_nlab,ねとらぼ,「近畿・北陸地方の朝食が良かった宿泊施設」！　福井県の「御国若狭の海、、化を堪能する宿 若狭佳」などを紹介！【じゃらんアワード2023】,https://news.yahoo.co.jp/articles/e55d47e76ac253eb4325597d25ca6aaffa397b17,7/20(土) 19:55
it_nlab,ねとらぼ,「岐阜県で人気の焼肉」ランキング！　2位は良質な和牛をリーズナブルな価格で楽しめる「焼肉一」、1位は？【2024年7月版】,https://news.yahoo.co.jp/articles/6870d13d04f7807e362318fcfdaf2a022be76c3a,7/20(土) 19:50
it_nlab,ねとらぼ,「最も人気のK-POPアイドル」リアルタイムランキング！　2位は「ジン（BTS）」、1位は？【2024年7月17日時点／KDOL】,https://news.yahoo.co.jp/articles/cabe11b34e783947c4a659be874ec43d882230e4,7/20(土) 19:45
it_nlab,ねとらぼ,ドライアイスをスライムに入れたら……　美しく幻想的な現象に「魔女の酒みたい」「最高にクール」,https://news.yahoo.co.jp/articles/5033c7dc861933dfe533c6be1e8325b63c6961bb,7/20(土) 19:45
it_nlab,ねとらぼ,「愛知県で人気の焼き鳥」ランキング！　2位は名古屋市中村区にある一品料理も豊富なお店「がんばり家」、1位は？【2024年7月版】,https://news.yahoo.co.jp/articles/78eba2917c88fea64064fa99a8075739cf931ea4,7/20(土) 19:40
it_nlab,ねとらぼ,【発売3年以内】「キャンプツーリングにオススメのバイク」注目度ランキング！　2位は「Vストローム250」、1位は？【2024年7月16日時点／ウェビック調べ】,https://news.yahoo.co.jp/articles/c620c4deb2d6eff92f187d375c56bb66f6d82a91,7/20(土) 19:35
it_nlab,ねとらぼ,美容部員伝授、リップの塗り方はたったこれだけで“バレずに垢抜け”　今すぐ試せる簡単ワザが目からウロコ,https://news.yahoo.co.jp/articles/465de16037df81b865e2b82796cd000fd69db94c,7/20(土) 19:30
it_nlab,ねとらぼ,「座間市で人気のラーメン」ランキング！　2位は醤油ラーメンが人気の「中国料理 江陽」、1位は？【2024年7月版】,https://news.yahoo.co.jp/articles/39f538852ba9990be62152e92660c8f63dd1f577,7/20(土) 19:30
it_nlab,ねとらぼ,「買ってよかった保冷・冷却グッズ」3選！　「サーモスの水筒」や「冷却プレートつきハンディファン」など夏を乗りきる必須アイテムを紹介！【2024年7月版】,https://news.yahoo.co.jp/articles/14cc31f058f1a6023d5a64d76c10ec0bac3d77bc,7/20(土) 19:25
it_nlab,ねとらぼ,【40代女性が選ぶ】「BTS」のケミ（メンバーの組み合わせ）人気ランキング！　2位は「グクジン」、1位は？,https://news.yahoo.co.jp/articles/80687191553118e07b6334645d2cdc15de986a20,7/20(土) 19:20
it_nlab,ねとらぼ,【70代に聞いた】企業からの評価が高いと思う「東京一工・早慶上理ICUの大学」ランキング！　2位は「京都大学」、1位は？,https://news.yahoo.co.jp/articles/e3ee4d1deed488bf1c2536b435f082e57cc2ae56,7/20(土) 19:15
it_nlab,ねとらぼ,「静岡県で人気の焼肉」ランキング！　2位は上質な和牛がリーズナブルに楽しめる伊東市の「誠の焼肉 伊豆焼肉ほのり」、1位は？【2024年7月16日時点】,https://news.yahoo.co.jp/articles/ca881d153c46bb2bb6563e951276bd4dda3a8f77,7/20(土) 19:10
it_nlab,ねとらぼ,「ギャルサー」から18年、豪華な当時出演キャストの現在　芸能界引退した俳優も,https://news.yahoo.co.jp/articles/e32cfa9acd8faa009b73c19766aa8b6425b63780,7/20(土) 19:05
it_nlab,ねとらぼ,「大分県で人気のパン（ベーカリー）」ランキング！　2位は別府市の季節限定や土曜日限定のパンなどもある「おひげのぱんやさん」、1位は？【2024年7月版】,https://news.yahoo.co.jp/articles/b392cafe3a3b654f885c4f929c830fc4476349fc,7/20(土) 19:05
it_nlab,ねとらぼ,「八千代市で人気のラーメン」ランキング！　2位は京都の料亭で修業を積んだオーナーによる「麺や福々三座」、1位は？【2024年7月16日時点】,https://news.yahoo.co.jp/articles/1e5bffd96ae963c90e333a31e48217e79ffe9cba,7/20(土) 19:00
it_nlab,ねとらぼ,「南野陽子」のシングルであなたが好きな曲は？　3曲を紹介！,https://news.yahoo.co.jp/articles/a5573cec5fd83e0212c272c19a561d4f749d4bd1,7/20(土) 18:50
it_nlab,ねとらぼ,【50代男性が選ぶ】「フジテレビの女性アナウンサー」人気ランキング！　2位は「堤礼実」、1位は？,https://news.yahoo.co.jp/articles/a885c7e0ca5e01a7c3fc8d29b4a9b73831d17bf4,7/20(土) 18:40
it_nlab,ねとらぼ,「大阪の豚骨醤油ラーメン店」人気ランキング！　2位は「ラーメン荘 歴史を刻め 本店」、1位は？【2024年7月18日時点の評価／ラーメンデータベース】,https://news.yahoo.co.jp/articles/80f88a9b647f4737eec284c5638b7516d595f6bb,7/20(土) 18:30
it_nlab,ねとらぼ,声優「置鮎龍太郎」が演じたテレビアニメキャラクターで好きなのは誰？　3キャラクターを紹介！,https://news.yahoo.co.jp/articles/2b49d87f03892551c5cb142b2849d6cf7810e71f,7/20(土) 18:20
it_nlab,ねとらぼ,「激辛カップ麺」おすすめ6選！　「ペヤング」や「辛ラーメン」などを紹介！【2024年7月版】,https://news.yahoo.co.jp/articles/de30f4a1196278136771415e4bf1557af57a9c20,7/20(土) 18:15
it_nlab,ねとらぼ,【プロ野球】「球場飯」がおいしいと思う球団は？　3チームを紹介！,https://news.yahoo.co.jp/articles/7dcaaa9b4fd32646ec10c026059e608f08079571,7/20(土) 18:10
it_nlab,ねとらぼ,“日本一美しいドラマー”大野真依、ミニスカ＆チューブトップ姿を披露　「ドキドキ止まらん」「可愛いすぎてため息」,https://news.yahoo.co.jp/articles/e0e9a820cde0fc177f2e8431f569e96c2868b72e,7/20(土) 18:05
it_nlab,ねとらぼ,『ちいかわ』最新話、うさぎがちいかわの“愛のあるイジリ”→赤面するも……　ちいかわの神対応に「成長を感じる」,https://news.yahoo.co.jp/articles/f52f8f0bc1b469a5bbf551d8d16e4e792de31cd8,7/20(土) 18:00
it_nlab,ねとらぼ,「大阪府で人気のイオンモール」ランキング！　2位は泉南市にある「イオンモールりんくう泉南」、1位は？【2024年7月版】,https://news.yahoo.co.jp/articles/7e82409b99e77ed21c9cad8c6a0f1b242df2f52c,7/20(土) 18:00
it_nlab,ねとらぼ,【東京メトロ】「乗降人員の多い駅」ランキング！　2位は「大手町」、1位は？,https://news.yahoo.co.jp/articles/9ce3f98ac06015626bcc7628c28c7c25feaca359,7/20(土) 17:50
it_nlab,ねとらぼ,「台東区で人気のラーメン」ランキング！　2位は元浅草3丁目のハラールラーメン店「あやむや 新御徒町店」、1位は？【2024年7月版】,https://news.yahoo.co.jp/articles/7b721fd6e6ede407f73e02b0e5e494fd03312131,7/20(土) 17:45
it_nlab,ねとらぼ,「岐阜県で人気のお好み焼き」ランキング！　2位は高山市にあるボリューム満点と評判のお店「寅のや」、1位は？【2024年7月版】,https://news.yahoo.co.jp/articles/e240be83b1fd5aec7ab19684c1722564ff03404b,7/20(土) 17:40
it_nlab,ねとらぼ,【スリコ】「3COINS」汗・UV対策！　「クールシャツスプレー」「アームカバー」などを紹介,https://news.yahoo.co.jp/articles/658c93230526fcc414bf8d2228bce28991320434,7/20(土) 17:35
it_nlab,ねとらぼ,「入社初日にブルースクリーン大規模障害起こして解雇された」投稿拡散も……実はフェイクニュース専門家のジョーク,https://news.yahoo.co.jp/articles/b497640af721fa95375c522775781e56842c9ca3,7/20(土) 17:30
it_nlab,ねとらぼ,【地元の20〜40代に聞いた】優秀な生徒が多いと思う「愛知県の私立高校」ランキング！　第2位は「滝高校」、1位は？,https://news.yahoo.co.jp/articles/7e2594b9412973413734a4a1d6da749cf5c3486c,7/20(土) 17:30
it_nlab,ねとらぼ,「東京都で人気のかつ丼」ランキング！　2位は地下鉄の三田駅やJRの田町駅からアクセスできる「とんかつ芝」、1位は？【2024年7月16日時点】,https://news.yahoo.co.jp/articles/25e3da6817c21999a7473a508ea294dd89977571,7/20(土) 17:20
it_nlab,ねとらぼ,「春日井市で人気のラーメン」ランキング！　2位は不二ガ丘にある鶏白湯ラーメンが看板メニューの「麺乃はる」、1位は？【2024年7月16日時点】,https://news.yahoo.co.jp/articles/667f664425cc39ecdc37cd75686de57b0161127d,7/20(土) 17:10
it_nlab,ねとらぼ,「兵庫県で人気のパン（ベーカリー）」ランキング！　2位はオーガニックな小麦全粒粉100%のパンを提供する「ベッカライ・ビオブロート」、1位は？【2024年7月版】,https://news.yahoo.co.jp/articles/52165048af19d35b5bdb8da97cb481321c00f3f8,7/20(土) 17:00
it_nlab,ねとらぼ,【熊本県版】外国人観光客に人気の「観光スポット」ランキング！　2位は「桜の馬場 城彩苑」、1位は？,https://news.yahoo.co.jp/articles/279381122148811e698fe5f373b40c068640349c,7/20(土) 16:45
it_nlab,ねとらぼ,「さいたま市で人気のスーパー銭湯・温泉施設」ランキング！　2位は「美楽温泉 SPA-HERBS」、1位は？【2024年7月版】,https://news.yahoo.co.jp/articles/af212c7e29faee1485cb9faf913a33f874465771,7/20(土) 16:30
it_nlab,ねとらぼ,「岐阜県で人気のうどん」ランキング！　2位は食べログ百名店に選出された土岐市の「手打うどん 郁兵衛」、1位は？【2024年7月版】,https://news.yahoo.co.jp/articles/120baa949ed9002e2009388a6ac9e87563b10c19,7/20(土) 16:20
it_nlab,ねとらぼ,「埼玉県で人気のイタリアン」ランキング！　2位は東松山市にある本場イタリアの味を楽しめると好評のお店「Pizzeria Ceppo」、1位は？【2024年7月版】,https://news.yahoo.co.jp/articles/5122852e94c118d15fcb7c178b1fcee1d54b46d1,7/20(土) 16:10
it_nlab,ねとらぼ,「岐阜のラーメン店」人気ランキング！　第2位は「ラーメン イロドリ」、1位は？【2024年7月17日時点の評価／ラーメンデータベース】,https://news.yahoo.co.jp/articles/f4a17f89c6a6d069be3741c8ea02c0238ee67872,7/20(土) 16:00
it_nlab,ねとらぼ,【2024年上半期】国内ドラマ人気ランキング！　2位は「虎に翼」、1位は？,https://news.yahoo.co.jp/articles/4102e9e005f96fafe4d4e4cb55282efb268ae4a5,7/20(土) 15:50
it_nlab,ねとらぼ,もう笑うしかない　Windowsのブルースクリーン多発でオフィス中“真っ青”になった海外の光景がもはや楽しそう,https://news.yahoo.co.jp/articles/f2bec50c90205cf31fce50f4032c0b320d9f7628,7/20(土) 15:49
it_nlab,ねとらぼ,声優「福山潤」が演じたテレビアニメキャラであなたが好きなのは？　3キャラクターを紹介！,https://news.yahoo.co.jp/articles/91f1f8f55b3ed03a38f2905395b6b9fe5422b90e,7/20(土) 15:40
it_nlab,ねとらぼ,「愛知県で人気のスイーツ」ランキング！　2位は名古屋市の「パティスリー アングレーズ＊フィーユ」、1位は？【2024年7月版】,https://news.yahoo.co.jp/articles/53d7843b47ef325d02ec002b10755ff12c765bea,7/20(土) 15:30
it_nlab,ねとらぼ,「京都市で人気の寿司」ランキング！　2位は懐かしい雰囲気の「桔梗寿司」、1位は？【2024年7月版】,https://news.yahoo.co.jp/articles/587289537395f7a52f980c8ee15b92c3781d8c31,7/20(土) 15:20
it_nlab,ねとらぼ,「千葉県で人気の海鮮丼」ランキング！　2位は船橋市場で仕入れたネタが自慢の「すし処 ひしの木」、1位は？【2024年7月16日時点】,https://news.yahoo.co.jp/articles/f4aa34099bcc45fda3486a93988ac096580c9eed,7/20(土) 15:10
it_nlab,ねとらぼ,3歳を迎えた妹が目を覚ますと、溺愛する兄がやってきて……　1300万再生の尊い時間に「世界で一番幸せな女の子が」【海外】,https://news.yahoo.co.jp/articles/d8adb50b0e854378d5d8017a6ea2405dbc742b58,7/20(土) 15:05
it_nlab,ねとらぼ,「茨城の豚骨醤油ラーメン店」人気ランキング！　2位は「ラーメン二郎 ひたちなか店」、1位は？【2024年7月16日時点の評価／ラーメンデータベース】,https://news.yahoo.co.jp/articles/a71d3a6469711817bd94d3d60a3e1d4a4fd8d633,7/20(土) 15:00
it_nlab,ねとらぼ,「広島県で人気のケーキ」ランキング！　2位は住宅街の中にある地元で評判のお店「クレマスイーツ」、1位は？【2024年7月版】,https://news.yahoo.co.jp/articles/42d1a3634cb4c2a6ebd39df375a3e588085a2b7c,7/20(土) 14:50
it_nlab,ねとらぼ,買ってよかった「無印良品」の商品10選！　「持ち手が二つある トートバッグ」「撥水リュックサック」など編集部が本当におすすめしたい商品を紹介！【2024年7月最新版】,https://news.yahoo.co.jp/articles/ffc5d954d8967a2d1dea00b38b56c36ad557805d,7/20(土) 14:40
it_nlab,ねとらぼ,「黒いんだもん指が！」　 日向坂46・松田好花、指先にハプニング　“証拠写真”もアップしリスナー反応　「正直に言ってください」,https://news.yahoo.co.jp/articles/5c0748a80ad58c6b71240e1b765c8b58456660ac,7/20(土) 14:35
it_nlab,ねとらぼ,【発売3年以内】「大型バイク（〜1000ccクラス）」注目度ランキング！　2位は「MT-09/ヤマハ」、1位は？【2024年7月16日時点／ウェビック調べ】,https://news.yahoo.co.jp/articles/210d42a4fba33a2023b03f26fb82506e6922749f,7/20(土) 14:30
it_nlab,ねとらぼ,「堺市で人気のケーキ」ランキング！　2位は自家製のチーズケーキが人気の「DEAR CUP」、1位は？【2024年7月17日】,https://news.yahoo.co.jp/articles/9a27a9bbddfccd0e24c7c96fa4d10b58094da43f,7/20(土) 14:20
it_nlab,ねとらぼ,「名古屋市で人気のそば」ランキング！　2位は自家製粉のそばを提供する「竹笛」、1位は？【2024年7月版】,https://news.yahoo.co.jp/articles/bbcd33c3b5ea2b89c4f5a3b3ec89faeaedd54881,7/20(土) 14:10
it_nlab,ねとらぼ,「葛飾区で人気のラーメン」ランキング！　第2位は背油でこってりとした味わいが魅力の「一力」、1位は？【2024年7月版】,https://news.yahoo.co.jp/articles/2ade0a77d6c7b352c5520b8b69f04830917d23f0,7/20(土) 14:05
it_nlab,ねとらぼ,【発売3年以内】「コーナリング性能が抜群なバイク」注目度ランキング！　2位は「CBR600RR/ホンダ」、1位は？【2024年7月8日時点／ウェビック調べ】,https://news.yahoo.co.jp/articles/230eee917f512015cf1bfd8ba3de074203ec9bf2,7/20(土) 14:00
it_nlab,ねとらぼ,「三重県で人気のゴルフ場」ランキング！　2位は津市にある大自然に囲まれた「三甲ゴルフ倶楽部 榊原温泉コース」、1位は？【2024年7月17日時点】,https://news.yahoo.co.jp/articles/06acf9d95ee4e27acab250370a9292be8d78791f,7/20(土) 13:50
it_nlab,ねとらぼ,「1万円以下のレディーススニーカー」おすすめ6選　おしゃれな厚底スニーカーやニューバランスの人気モデルなどを紹介！【2024年7月版】,https://news.yahoo.co.jp/articles/f508368722671bd40458084f44f8c51c64148ec4,7/20(土) 13:40
it_nlab,ねとらぼ,「厚木市で人気のラーメン」ランキング！　2位はレトロな雰囲気が落ち着くお店「麺や食堂 厚木本店」、1位は？【2024年7月版】,https://news.yahoo.co.jp/articles/fb4f13cb72e6c1fa267c2b418d3b3eb838ec6cb9,7/20(土) 13:30
it_nlab,ねとらぼ,「愛知県で人気のケーキ」ランキング！　2位は豊田市にある手ごろでおいしい「ブール ブール（BOULE BOULE）」、1位は？【2024年7月版】,https://news.yahoo.co.jp/articles/ea3825d1c98a777b901b1fadcb54e4e56e2fcd6e,7/20(土) 13:20
it_nlab,ねとらぼ,【男性に聞いた】就職力が高そうな「東京都の私立大学」ランキング！　2位は「慶應義塾大学」、1位は？,https://news.yahoo.co.jp/articles/a09be6eb24322b25bc9edb8f1dc6f3b1ff08d6ea,7/20(土) 13:15
it_nlab,ねとらぼ,「愛知県で人気のカツカレー」ランキング！　2位は昔懐かしい味わいの老舗カレー店「カレー 幸」、1位は？【2024年7月16日時点】,https://news.yahoo.co.jp/articles/a6210d1b04875c01c12edde7023037764a801bf2,7/20(土) 13:10
it_nlab,ねとらぼ,「神奈川県で人気のスーパー銭湯・温泉施設」ランキング！　2位は19室の貸切個室露天風呂などがある「箱根湯寮」、1位は？【2024年7月版】,https://news.yahoo.co.jp/articles/a85679231512e46158b444cfd9f87dc0bfe5daa2,7/20(土) 13:05
it_nlab,ねとらぼ,「富山県で人気のラーメン」ランキング！　2位は富山市新庄北町にある「中華そば つぼみ」、1位は？【2024年7月版】,https://news.yahoo.co.jp/articles/6cc700d527d69f21a1e1d601d0af8adbcc588ead,7/20(土) 13:00
it_nlab,ねとらぼ,「福島県で人気のとんかつ」ランキング！　2位は郡山市安積にある刺身付きメニューが好評の「とん喜」、1位は？【2024年7月版】,https://news.yahoo.co.jp/articles/776478c97d113293d8d519fc128758684906aa48,7/20(土) 12:50
it_nlab,ねとらぼ,メロンパンを取り出したら……　悲劇的すぎる“まさかの状態”に！　圧縮状態の“メロンパン.zip”に「解凍解凍！」「あるある」,https://news.yahoo.co.jp/articles/ac4352b93206824a484603c61da512dbbb61465e,7/20(土) 12:45
it_nlab,ねとらぼ,「今ライブが注目されているアーティスト」ランキング！　2位は「福山雅治」、1位は？【2024年7月16日時点／LiveFans調べ】,https://news.yahoo.co.jp/articles/9cfdcf64286690792659803874dc94929a90171d,7/20(土) 12:45
it_nlab,ねとらぼ,今おすすめの「韓国ドラマ」ランキング！　2位は「ソンジェ背負って走れ」、1位は？【2024年7月16日・Filmarks（フィルマークス）調べ】,https://news.yahoo.co.jp/articles/64737dcb57852c5aeca2a1015f2cda9115da5e4e,7/20(土) 12:35
it_nlab,ねとらぼ,これが神客……ッ！　JALの客室乗務員が“心の中”をあらわにする動画に「マジでこーゆー世界がいいよな」「ぜひしてあげましょう」,https://news.yahoo.co.jp/articles/197a7c8f21d1f8deffe71147fd45c247856882f2,7/20(土) 12:30
it_nlab,ねとらぼ,「お財布ショルダー」おすすめ6選　夏フェスや旅行先でも便利！　おしゃれで使いやすいモデルをピックアップ！【2024年7月版】,https://news.yahoo.co.jp/articles/5addbc7e5090a5bf116d2da47fe22923d81e0af2,7/20(土) 12:30
it_nlab,ねとらぼ,「ViVi国宝級イケメンランキング」！　NEXT部門の2位は「佐野晶哉」、1位は？,https://news.yahoo.co.jp/articles/c1261ef6d4d37dbd10182a8b69bc7332a2f8199f,7/20(土) 12:25
it_nlab,ねとらぼ,「福島県で人気のスーパーマーケット」ランキング！　2位は広い売り場面積を誇る「PLANT-5 大玉店」、1位は？【2024年7月版】,https://news.yahoo.co.jp/articles/9300d17c0e6aabad6a46c958a3de6a83e3f242e9,7/20(土) 12:20
it_nlab,ねとらぼ,スタイリッシュに光る近未来風の義足！　夜道でも安全な点滅仕様に大反響「かっちょええ！」「人生楽しんだもん勝ち」,https://news.yahoo.co.jp/articles/72bc9abfb4e7675655c1d62b7b08965a659203d6,7/20(土) 12:15
it_nlab,ねとらぼ,「マジでうまい」と思うハンバーガーチェーンランキング！　2位は「バーガーキング」、1位は？【7月20日はハンバーガーの日】,https://news.yahoo.co.jp/articles/23c93b6644fed04580ba139fbeb28b24653cbf18,7/20(土) 12:15
it_nlab,ねとらぼ,「長野県で人気のとんかつ」ランキング！　2位は長野市の趣のある店内が特徴の「成満堂」、1位は？【2024年7月版】,https://news.yahoo.co.jp/articles/72162718d59b2f2134c99e5befb2c2d094e77d4a,7/20(土) 12:10
it_nlab,ねとらぼ,【発売3年以内】「中型バイク（〜400ccクラス）」注目度ランキング！　2位は「エリミネーター400」、1位は？【2024年7月16日時点／ウェビック調べ】,https://news.yahoo.co.jp/articles/e7446fe4dfd89be4f4519570e116bdbf35fa03d8,7/20(土) 12:05
it_nlab,ねとらぼ,藤井聡太王位、対局中に食べた昼食やおやつが話題　そのチョイスに「食べてみたい」「選んだと聞いて…」,https://news.yahoo.co.jp/articles/329641b1f5439b5da028e7e228fc20bd2d96ce2d,7/20(土) 12:00
it_nlab,ねとらぼ,ハイキング中“宝物”を見つけたワンコ、すれ違う人が次々と声をかけ……　驚きの“長距離運搬”に240万いいね「オーマイゴッド！」【海外】,https://news.yahoo.co.jp/articles/0e11e0e5be53c183f1fb9cf6e8566f03e02fc12a,7/20(土) 12:00
it_nlab,ねとらぼ,コメダ発の“珈琲のお線香”が大注目　お香にも使えそうな香りに「凄く良い」「こんなの売ってるんだ！」,https://news.yahoo.co.jp/articles/fcadfce048586692aedd097eafafb9aed9491b36,7/20(土) 12:00
it_nlab,ねとらぼ,「新潟の醤油ラーメン店」人気ランキング！　2位は「青島食堂 宮内駅前店」、1位は？【2024年7月17日時点の評価／ラーメンデータベース】,https://news.yahoo.co.jp/articles/7c4d78a13a329dcf9270e676ffcdca1e102cad9b,7/20(土) 12:00
it_nlab,ねとらぼ,「全然誰だか分からない」　辻希美、人生初の2回ブリーチで髪色明るく激変　“マジで別人”級のアフター姿に「これはヤバい」「たぁくんがびっくりする」,https://news.yahoo.co.jp/articles/4e4ca070d3c50bec1918bda6bcab99d15ad9f170,7/20(土) 11:55
it_nlab,ねとらぼ,夏はハワイ！　飲食チェーンやコンビニの“ハワイ”メニューまとめ,https://news.yahoo.co.jp/articles/dd9fb9708d311a9f15913330ee55b907396ed02f,7/20(土) 11:55
it_nlab,ねとらぼ,「24時間テレビ」マラソンランナーのやす子、「ランナーの夜ご飯」を公開→「ガチ勢ダイエッター」「無理しないようにね」声続々,https://news.yahoo.co.jp/articles/8535d83a660885560690109a4d978d798e41fac2,7/20(土) 11:51
it_nlab,ねとらぼ,「練馬区で人気のチャーハン」ランキング！　2位は肉あんかけチャーハンが人気の「上海菜館 揚子江」、1位は？【2024年7月版】,https://news.yahoo.co.jp/articles/47a01550aac9df6c360df1fa1a6e0cebaa42a1dc,7/20(土) 11:50
it_nlab,ねとらぼ,どう見てもアレだ……！　パリの美術館で“例のポーズ”の猫ちゃん絵画が発見される　「最高」「日本に来て」と猫好き歓喜,https://news.yahoo.co.jp/articles/c06368f43e4fa4115bfcf1097fd1f64dd4697b96,7/20(土) 11:45
it_nlab,ねとらぼ,「新潟県で人気のかつ丼」ランキング！　2位は新潟市中央区にある「タレカツ丼」が有名な「とんかつ政ちゃん 沼垂本店」、1位は？【2024年7月版】,https://news.yahoo.co.jp/articles/1efc280c0090c653e78026fc0e8bac24ae970880,7/20(土) 11:40
it_nlab,ねとらぼ,【青山学院大学】「卒業生の就職先」ランキング！　2位は「レバレジーズ」と「アクセンチュア」、1位は？,https://news.yahoo.co.jp/articles/899c31528548887748e6f9bb5edfbe324a1f89c9,7/20(土) 11:30
it_nlab,ねとらぼ,【スリコ】「3COINS」オンラインストア人気商品ランキング！　2位は「人感センサーライト」、1位は？【2024年7月16日18時時点】,https://news.yahoo.co.jp/articles/75b83aeaaef045ef7c76a9e64b310b95890608f8,7/20(土) 11:25
it_nlab,ねとらぼ,【関東在住者が選ぶ】かわいいと思う北海道・東北エリアの「図柄入りナンバープレート」ランキング！　2位は「仙台」、1位は？,https://news.yahoo.co.jp/articles/6311d3d48aafd84adbe4360ff80f16b9248e71c4,7/20(土) 11:20
it_nlab,ねとらぼ,「和歌山県で人気の焼肉」ランキング！　2位は白浜町にある精肉卸に35年携わった店主が営む「南紀白浜 焼肉萬」、1位は？【2024年7月版】,https://news.yahoo.co.jp/articles/939a21a0de584df8f6051ccbaca5f5c5b4f781ba,7/20(土) 11:15
it_nlab,ねとらぼ,「5万円以下のスマートフォン」おすすめ5選！　「Xiaomi（シャオミ）」や「OPPO（オッポ）」などを紹介！【2024年7月版】,https://news.yahoo.co.jp/articles/20338d3ec4c5137e8ac0d8609c3c05e9a37313ba,7/20(土) 11:10
it_nlab,ねとらぼ,「滋賀県で人気のバイキング（ビュッフェ）」ランキング！　2位はホテルニューオウミの最上階にある「近江牛鉄板焼 伊ぶき」、1位は？【2024年7月17日時点】,https://news.yahoo.co.jp/articles/78f40c611fe48fc8291fed7f5da3d6f5a628d8b7,7/20(土) 11:05
it_nlab,ねとらぼ,大好きなパパと10日ぶりに再会したブタさん、感情が爆発し……　涙を誘うお出迎えに「こっちまでウルっと」「愛情表現が豊か」,https://news.yahoo.co.jp/articles/5a24a2c6b4d0ac0f7669436df7d1ac8e09b11b1b,7/20(土) 11:00
it_nlab,ねとらぼ,「石川県で人気の味噌ラーメン」ランキング！　2位は金沢市にある加賀味噌を使ったラーメンを提供するお店「麺屋達 金沢駅前店」、1位は？【2024年7月16日時点】,https://news.yahoo.co.jp/articles/e6ff6b9d21dd0d916ae1cb3b6e1e3e8f5a4ab270,7/20(土) 11:00
it_nlab,ねとらぼ,「russet（ラシット）のショルダーバッグ」おすすめ6選　夏らしいパナマ織りや流行りのハーフムーン型などをピックアップ！【2024年7月版】,https://news.yahoo.co.jp/articles/dbff79da0f0f21ddb465c488cb91ed66d8a0117d,7/20(土) 10:50
it_nlab,ねとらぼ,「夏に見たくなるアニメ映画」おすすめ3選　新海誠監督作品や「河童のクゥと夏休み」など、編集部員お気に入りの作品を紹介！【2024年7月最新版】,https://news.yahoo.co.jp/articles/6be916eb268a24fb4f20c58dabbadcee3f300c1f,7/20(土) 10:45
it_nlab,ねとらぼ,「愛知県で人気のひつまぶし」ランキング！　2位は松坂屋名古屋店内にある「あつた蓬莱軒 松坂屋店」、1位は？【2024年7月16日時点】,https://news.yahoo.co.jp/articles/8f94e01ea2c1925bff9eda5b78865cdbf972d040,7/20(土) 10:40
it_nlab,ねとらぼ,“ずるい手を使うオタク”を再現したら……　リアルなあざとさとスカッとするオチに「ずるいの前にマナー違反」「こういう人一定数いる」,https://news.yahoo.co.jp/articles/51b7e580210305266b1f70a6cb444699e43bff49,7/20(土) 10:30
it_nlab,ねとらぼ,「群馬県で人気のチャーハン」ランキング！　2位は昭和レトロな雰囲気の町中華店「中華料理 鳳凰」、1位は？【2024年7月16日時点】,https://news.yahoo.co.jp/articles/83b0970bab6966f776b0e528632250b91342e132,7/20(土) 10:30
it_nlab,ねとらぼ,「千葉県で人気の豚骨ラーメン」ランキング！　2位は千葉市中央区にあるコラーゲンがたっぷりスープが特徴の「幸福軒」、1位は？【2024年7月16日時点】,https://news.yahoo.co.jp/articles/64e9b45c1cd01bc44f7b41c2ec1b57ff399f3a2b,7/20(土) 10:20
it_nlab,ねとらぼ,息子とベストフレンドなワンコ、“永遠に終わらないおしゃべり”が楽しそう　付き合うワンコに「最後もうええ言ってる笑」「めっちゃ優しい顔」【海外】,https://news.yahoo.co.jp/articles/0fdd81ef90457b0836d2bc10f8705213a8737730,7/20(土) 10:15
it_nlab,ねとらぼ,「新日本プロレスの日本人選手」で好きなレスラーは？　3人をピックアップ！,https://news.yahoo.co.jp/articles/371f567653f4592026efb62b667c5b680e35deb1,7/20(土) 10:10
it_nlab,ねとらぼ,しつこい雑草“ドクダミ”対策に、あの土を使ったら……　効果歴然のビフォーアフターが130万再生「そんな弱点があったとは」「感動する」,https://news.yahoo.co.jp/articles/60c5239a83f755825b5927ccb621a55733d29523,7/20(土) 10:05
it_nlab,ねとらぼ,「兵庫県で人気のチャーハン」ランキング！　2位は神戸市北区にある素朴ながら満足度の高い味を提供してくれる「中華そば 神香園 ふじた」、1位は？【2024年7月版】,https://news.yahoo.co.jp/articles/285671c3239a2e27aa8db33d9af8405bc2753ad7,7/20(土) 10:00
it_nlab,ねとらぼ,「江東区で人気のラーメン」ランキング！　2位は木場駅近くで営業の行列ができる名店「麺屋 吉左右」、1位は？【2024年7月版】,https://news.yahoo.co.jp/articles/43056f7cbed95847da9bc63989507e9c5cfb2530,7/20(土) 9:50
it_nlab,ねとらぼ,【関東の40代に聞いた】「文武両道なイメージの埼玉県の公立高校」ランキング！　2位は「大宮高校」、1位は？,https://news.yahoo.co.jp/articles/84486039d606b998af20b5337652cce453b9027e,7/20(土) 9:40
it_nlab,ねとらぼ,50歳のハリウッド俳優「年齢相応の振る舞い」求められトンチキ動画で抵抗　ブリトニーも参戦「他人に文句をつける前にまず」,https://news.yahoo.co.jp/articles/3d4d2d2a9ce743575a68ccc22bc6c974f1c3e87a,7/20(土) 9:35
it_nlab,ねとらぼ,「ZARD」のシングルで歌詞が好きな曲はどれ？　3曲を紹介！,https://news.yahoo.co.jp/articles/eb15f8d5e84297f80b5b265f803d96c4bb6a3d1e,7/20(土) 9:30
it_nlab,ねとらぼ,捨てるしかないアンパンマンのお菓子袋をリメークすると……　超簡単な大変身アイデアが100万再生「天才」「面白い！やってみます」,https://news.yahoo.co.jp/articles/d7a53476f08c3b2e54921b66ca7a60d69c3b2907,7/20(土) 9:30
it_nlab,ねとらぼ,「ムーミングッズが付録のムック本」おすすめ6選！　トートバッグやポーチが付録のムック本を紹介！【2024年7月版】,https://news.yahoo.co.jp/articles/dcbf28d33bb3a9817e790111365dd7bb6f00f1cf,7/20(土) 9:20
it_nlab,ねとらぼ,「優しくて涙出る」　ZOZOTOWNで買い物したら……　“予想外のオマケ”に14万いいね　「さすがw」「気が利いてる」,https://news.yahoo.co.jp/articles/27ea758e4c31e62c24e343c2712cdc29b2c7a77f,7/20(土) 9:15
it_nlab,ねとらぼ,「京都市で人気のラーメン」ランキング！　2位は八坂神社の近くにある「元祖特級ラーメン 寛」、1位は？【2024年7月版】,https://news.yahoo.co.jp/articles/09dca05fc1435b6612d277d948d2507a6f3fe200,7/20(土) 9:10
it_nlab,ねとらぼ,これは思わず笑う！　お母さんから返信が来たと思ったら……　まさかの“LINEスタンプの活用法”に「めっちゃいい!!」「これやりたい」,https://news.yahoo.co.jp/articles/d322c4fe211a5e3c9d2c1607711d6e639af59813,7/20(土) 9:00
it_nlab,ねとらぼ,「うそだろ」　おいしそうなラーメン、よく見ると……　“胃袋と脳がバグる刺しゅう”に驚き　「ゴッホが作ったラーメン」,https://news.yahoo.co.jp/articles/44251e2dc9f14854a828d4c0ab0dad762a059f02,7/20(土) 9:00
it_nlab,ねとらぼ,焼く前も焼いた後もどっちもかわいすぎ！　リボンやバラで飾ったアップルパイ、「キュンキュンしちゃいました」「たまらない」と称賛集まる,https://news.yahoo.co.jp/articles/f27150b2852c9a4940a92843871f981a20392f07,7/20(土) 9:00
it_nlab,ねとらぼ,2歳娘をモノボケで笑わせたいパパだったが……　コントのような展開に「シュールすぎるｗｗ」「最高」,https://news.yahoo.co.jp/articles/8be805270472b232d176b5efabf095e8f936f7f8,7/20(土) 9:00
it_nlab,ねとらぼ,「岐阜県で人気のうなぎ」ランキング！　2位はJR下呂駅から徒歩約5分の名店「うな昇」、1位は？【2024年7月16日時点】,https://news.yahoo.co.jp/articles/434c70582502e696df8bd27c5766f70c3d67365c,7/20(土) 9:00
it_nlab,ねとらぼ,「静岡県で人気のゴルフ場」ランキング！　2位はさまざまなトーナメントでも使用されている「太平洋クラブ 御殿場コース」、1位は？【2024年7月版】,https://news.yahoo.co.jp/articles/748edd918bca55fba5be1bec592408d5d2a6b3f9,7/20(土) 8:50
it_nlab,ねとらぼ,「ポストに新紙幣入ってた」　一部で目撃例続出→“まさかの正体”に「これかよ」「新札かと……」,https://news.yahoo.co.jp/articles/c3993b9a3c827c3f92bf6c5ffbe284ccaa2391de,7/20(土) 8:45
it_nlab,ねとらぼ,「これで解決やろ？」　きのたけ論争の“まさかの解決法”にツッコミ殺到　「何も分かってない」「天才w」と270万表示の大反響,https://news.yahoo.co.jp/articles/06b6e7adc360c6e694604fc5adb5cccfd088fad9,7/20(土) 8:45
it_nlab,ねとらぼ,“縁石のまねができるワンコ”の決定的瞬間　なりきるシュールなひとコマが吹き出しちゃうかわいさ,https://news.yahoo.co.jp/articles/03628ada05933b8cee0e275af748299df162f6ec,7/20(土) 8:40
it_nlab,ねとらぼ,「西日本のうまいお土産」5選！　「かすたどん」や「桐葉菓」など、編集部員が本当におすすめしたい逸品を紹介！【2024年7月最新版】,https://news.yahoo.co.jp/articles/0d31fe5ac329b7cf8ba66bd3d8d2fd62c7afdfd9,7/20(土) 8:40
it_nlab,ねとらぼ,「千円札のフォーカード！」　新旧4世代紙幣のそろい踏みが壮観で話題「初めて見た」「旧千円デカっ！」,https://news.yahoo.co.jp/articles/795682b7c072295ea21660c79e88624708052ba4,7/20(土) 8:30
it_nlab,ねとらぼ,画期的……！　子どものために考えた“メガネを紛失しない方法”が「かわいい」と大反響　「今日から実践してみます」の声,https://news.yahoo.co.jp/articles/964a1c3b3f9bd179a03e6e5bae969155d4ca1a4a,7/20(土) 8:30
it_nlab,ねとらぼ,歩く猫、横から突然同居猫が出てきて驚いて……　予想外の大きなリアクションに飼い主もビックリの270万表示,https://news.yahoo.co.jp/articles/b4562e002ec4a6f9e8e8d48981277b315581bd61,7/20(土) 8:30
it_nlab,ねとらぼ,「知ることって大切」　薬局で“半錠の薬”の用意に時間がかかる理由とは？　薬剤師の明かす“意外な裏側”が1700万再生の大反響,https://news.yahoo.co.jp/articles/eaab362524d1375996e2908d74984f336c64e750,7/20(土) 8:30
it_nlab,ねとらぼ,「静岡駅で人気のラーメン」ランキング！　2位は味噌ラーメンが名物の「ラーメン 川しん」、1位は？【2024年7月19日時点】,https://news.yahoo.co.jp/articles/1272a209d3727911323bde02873c0325608b41b7,7/20(土) 8:30
it_nlab,ねとらぼ,「Kitamura（キタムラ）のトートバッグ」おすすめ6選！　通勤・通学や買い物にぴったりなアイテムを紹介！【2024年7月版】,https://news.yahoo.co.jp/articles/3f9f166118b17324917a59b1712dd395c64a146f,7/20(土) 8:20
it_nlab,ねとらぼ,生成AIに「ボーナス」を描かせたら……？　“理不尽すぎる世界観”に「人の心ない」「涙も出るわ！」,https://news.yahoo.co.jp/articles/deb4a375d5cfde8319cb03eefa9e2778e36952c9,7/20(土) 8:15
it_nlab,ねとらぼ,これは高いのか安いのか分からん！　“13億円越”の超豪華ペントハウスが想像を絶する豪華さで話題【米】,https://news.yahoo.co.jp/articles/c7c92aaa16b6f46b1cadc13b2a357e204bf40714,7/20(土) 8:15
it_nlab,ねとらぼ,「本当に変わった！」「一気に若返った」　妻に前髪を切ってもらってた男性が……　その大変身に「髪型で印象が全く変わる」,https://news.yahoo.co.jp/articles/64446a00d7ade21ac308ba7979acd2fd0b0d085d,7/20(土) 8:15
it_nlab,ねとらぼ,「和歌山県で人気のパン（ベーカリー）」ランキング！　2位はほどよい甘さのあげパンが人気の老舗「キシモト商店」、1位は？【2024年7月版】,https://news.yahoo.co.jp/articles/b586fec6cced8bf1339f24e5be4b897ce3b1ecfd,7/20(土) 8:10
it_nlab,ねとらぼ,「滋賀のラーメン店」人気ランキング！　2位は「横浜家系らーめん 秀吉家」、1位は？【2024年7月16日時点の評価／ラーメンデータベース】,https://news.yahoo.co.jp/articles/82f70bd78c62227ad88fda8885ea9feb424c2a07,7/20(土) 8:00
it_nlab,ねとらぼ,アンパンマンの食パンを切ったら……　まさかの中身に「怖い」「うわぁぁぁ!!」など恐怖の声　パンアーティストに制作意図を聞いた,https://news.yahoo.co.jp/articles/b00759d11e33f743b39fdd0a0ac622eb1e0c02e6,7/20(土) 8:00
it_nlab,ねとらぼ,家電メーカーが教える“野菜を長持ちさせる方法”が20万回再生！　「保存方法を工夫するだけ」「野菜をいつも以上に美味しく」,https://news.yahoo.co.jp/articles/2005009c5d25befbc222afecee3f93dd8ac8461e,7/20(土) 8:00
it_nlab,ねとらぼ,「ムーミン」リトルミイのポーチが付録に登場！　大人かわいいデザインで容量たっぷり,https://news.yahoo.co.jp/articles/8f27ab1c0d58065b054198ac7f5288622e388c59,7/20(土) 8:00
it_nlab,ねとらぼ,「船橋」が付く千葉県の駅で住みやすいと思うのはどこ？　3駅を紹介！,https://news.yahoo.co.jp/articles/54105f03604a09e5c7563b29e6246c7f2840d9df,7/20(土) 7:50
it_nlab,ねとらぼ,コメダ珈琲店、過去に発売した“まさかのシロノワール”　カラフルな見た目に「再販ぜひ！」「待ってます」と根強いファンも,https://news.yahoo.co.jp/articles/3ad0fb2829dd0b2b17ae87550f4375fb9e27dc56,7/20(土) 7:45
it_nlab,ねとらぼ,あなたが好きな「ポッキー」歴代CMガールは誰？　3人を紹介！,https://news.yahoo.co.jp/articles/abac9a1b5157731bd3ca74c7dfa46d75579452f7,7/20(土) 7:40
it_nlab,ねとらぼ,“ワイングラスを持つ女性”を絵で再現→圧巻の出来栄えに「最高の先生」「素晴らしいアーティスト」と感嘆相次ぐ,https://news.yahoo.co.jp/articles/f1845c3449e1ee3ef0c98ab7e0fb5b6d0a15bc66,7/20(土) 7:30
it_nlab,ねとらぼ,「京都府で人気のスーパーマーケット」ランキング！　2位は24時まで営業しているお店「ライフ 四条烏丸店」、1位は？【2024年7月16日版／Googleクチコミ】,https://news.yahoo.co.jp/articles/5ea33f5ff19796ec6ef02ac5f177bdd7d8783bd5,7/20(土) 7:30
it_nlab,ねとらぼ,「ヤンキー母校に帰る」から21年、当時出演キャストの現在　突然の訃報が伝えられた俳優も,https://news.yahoo.co.jp/articles/2d8d0e980ce50f1f2ff7ae16756d760fb93dd4a9,7/20(土) 7:15
it_nlab,ねとらぼ,【関東在住者に聞いた】買ってきてほしい「千葉県のお土産」ランキング！　2位は「ぴーなっつ最中（なごみの米屋）」、1位は？,https://news.yahoo.co.jp/articles/0285b630e7be21cadbab183dc5624a1717e8b726,7/20(土) 7:10
it_nlab,ねとらぼ,「北九州市で人気のスーパーマーケット」ランキング！　2位は豊富な品ぞろえが評判のお店「ラ・ムー 若松店」、1位は？【2024年7月16日時点】,https://news.yahoo.co.jp/articles/1d0d446503ad941e46e986778985145d1c082ca3,7/20(土) 7:00
it_nlab,ねとらぼ,「ハンバーガーがおいしい」と思うチェーンランキング！　2位は「バーガーキング」、1位は？【7月20日はハンバーガーの日】,https://news.yahoo.co.jp/articles/6959f3e7b22a33452ead7cceebe2db6a67d9f2fc,7/20(土) 0:05
it_nlab,ねとらぼ,【40代女性が選ぶ】声優「神谷浩史」が演じたテレビアニメキャラ人気ランキング！　2位は「夏目貴志（夏目友人帳）」、1位は？,https://news.yahoo.co.jp/articles/f3b0c2c579e93b169d14d7a05c7be9823cea61a1,7/19(金) 23:10
it_nlab,ねとらぼ,【60代以上が選ぶ】訪れてみたい「兵庫県の道の駅」ランキング！　2位は「山陰海岸ジオパーク浜坂の郷」、1位は？,https://news.yahoo.co.jp/articles/1b8ed4a4656605fed791533b3ebeb4a211a26103,7/19(金) 23:00
it_nlab,ねとらぼ,【都民に聞いた】チャーハンがおいしい「中華・ラーメンチェーン」ランキング！　2位は「大阪王将」、1位は？,https://news.yahoo.co.jp/articles/5e6752cbba36396c8158e01fba84bf7ace41b889,7/19(金) 22:50
it_nlab,ねとらぼ,【男性が選ぶ】声優「神谷浩史」が演じたテレビアニメキャラ人気ランキング！　2位は「リヴァイ（進撃の巨人）」、1位は？,https://news.yahoo.co.jp/articles/ea432e7b20a2ea6bd2a6f8877acc0f65085fa91e,7/19(金) 22:40
it_nlab,ねとらぼ,最近評価の高い「八王子市のラーメン店」人気ランキング！　2位は「口樂」、1位は？【2024年7月19日時点の評価／ラーメンデータベース】,https://news.yahoo.co.jp/articles/a9d19b21909bab4654e1ef2299b879404f7ac83b,7/19(金) 22:30
it_nlab,ねとらぼ,【女性が選ぶ】買ってきてほしい「那須のお土産」ランキング！　2位は「那須プリン（那須高原の宿 山水閣）」、1位は？,https://news.yahoo.co.jp/articles/4e7122826a389af49e340cf5e88172b761ae0338,7/19(金) 22:20
it_nlab,ねとらぼ,【50代の女性が選ぶ】「HYBE所属のアーティスト」人気ランキング！　2位は「BTS」、1位は？,https://news.yahoo.co.jp/articles/c085ed2d48a818828bee4f4ae1c8076118191ae9,7/19(金) 22:15
it_nlab,ねとらぼ,「ViVi国宝級イケメンランキング」！　NOW部門の2位は「萩原利久」、1位は？,https://news.yahoo.co.jp/articles/81c4930ed848b403e75dfca746175bfdd9e28f86,7/19(金) 22:10
it_nlab,ねとらぼ,「埼玉県で人気の焼肉」ランキング！　2位は掘りごたつの個室がある川越市の「シンラガーデン 八幡通り店」、1位は？【2024年7月版】,https://news.yahoo.co.jp/articles/2a8e27ed0a9360057a6d2ebc3af9acca40e29a3e,7/19(金) 22:05
it_nlab,ねとらぼ,高校時代から付き合い始めた2人、10年後の現在は……　思い出の場所で振り返る軌跡に「号泣です」「映画かと」,https://news.yahoo.co.jp/articles/a01a59312c57d6121d4e70312ea4d9e4afcae38a,7/19(金) 22:00
it_nlab,ねとらぼ,「近畿・北陸地方の泊まって良かった宿泊施設」2選！　石川県の「沢 彩の庭ホテル」などを紹介！【じゃらんアワード2023】,https://news.yahoo.co.jp/articles/d06c0b57c0e74521e858e57e041b79fa64ed2840,7/19(金) 22:00
it_nlab,ねとらぼ,【関東在住者が選んだ】最高にウマいと思う「冷凍チャーハン」ランキング！　2位は「味の素 五目炒飯」、1位は？,https://news.yahoo.co.jp/articles/9090b2a4b23cc3a4a80d72d179cb8d5196a16fa5,7/19(金) 21:55
it_nlab,ねとらぼ,「ミュージックステーション 夏祭り3時間半SP」で良かったと思うアーティストは誰？　3組のアーティストを紹介,https://news.yahoo.co.jp/articles/f1451e5b426827e12684ff0bf683a34455b50393,7/19(金) 21:50
it_nlab,ねとらぼ,【50代男性が選ぶ】地元民しか読めないと思う「東京都世田谷区」の町名ランキング！　2位は「砧」、1位は？,https://news.yahoo.co.jp/articles/ea23219a8cb40500e72dd9ddae2eb947a32046be,7/19(金) 21:45
it_nlab,ねとらぼ,【地元の40〜60代に聞いた】優秀な生徒が多いと思う「静岡県の公立高校」ランキング！　2位は「浜松北高校」、1位は？,https://news.yahoo.co.jp/articles/d61894b55f94c6beaa93faa43d1d95b7e9e88ade,7/19(金) 21:40
it_nlab,ねとらぼ,【関東在住者に聞いた】「最高にうまいと思うウインナー・ソーセージ」ランキング！　2位は「プリマハム 香薫 あらびきポーク」、1位は？,https://news.yahoo.co.jp/articles/dec238b3839b7cc1d5d66e526c23cf6bfca373d8,7/19(金) 21:35
it_nlab,ねとらぼ,「大田区で人気のパン（ベーカリー）」ランキング！　2位は南蒲田2丁目の「ブーランジェリー・ミモレット」、1位は？【2024年7月版】,https://news.yahoo.co.jp/articles/67ff5a15155e114aa7b4f5c068781782fef5a8f0,7/19(金) 21:30
it_nlab,ねとらぼ,【70代に聞いた】「校舎がかっこいい東京都の私立大学」ランキング！　2位は「慶應義塾大学」、1位は？,https://news.yahoo.co.jp/articles/7985cb327361d425b4947580ac9a737f661bb721,7/19(金) 21:25
it_nlab,ねとらぼ,【東海地方在住者に聞いた】最高にうまい「とんかつチェーン」ランキング！　第2位は「かつや」、1位は？,https://news.yahoo.co.jp/articles/57f914945e8d01144e8a26dac27911a31c345398,7/19(金) 21:20
it_nlab,ねとらぼ,【都民に聞いた】「かっこいいと思う阪神タイガースの選手」ランキング！　同率の1位は「佐藤輝明」、もうひとりは？,https://news.yahoo.co.jp/articles/be24205b1c349751b34ecc23c2c472c4a880fdaf,7/19(金) 21:15
it_nlab,ねとらぼ,「堺市で人気のスーパーマーケット」ランキング！　2位はまとめ買いにもおすすめな「ロピア ららぽーと堺店」、1位は？【2024年7月版】,https://news.yahoo.co.jp/articles/869ac8c2b67b475647c1fc509ab0bd79e836ad5b,7/19(金) 21:10
it_nlab,ねとらぼ,【40代男性が選ぶ】好きな「テレビ朝日の女性アナウンサー」ランキング！　2位は「斎藤ちはる」、1位は？,https://news.yahoo.co.jp/articles/b12ceefb38a812f51751ad9bd0555c9d1ac9306c,7/19(金) 21:05
it_nlab,ねとらぼ,「目を何回擦っても……」　自販機で発見された“人気アーティストの名前に見えるおにぎり”が話題に,https://news.yahoo.co.jp/articles/9a5d91a19e4158298e70860ef736ee248040ca5b,7/19(金) 21:00
it_nlab,ねとらぼ,メルカリで買ったブランド財布を革職人が磨いたら……　見違えるビフォーアフターに「ここまで甦らすなんて本当に感動」「良い着色」,https://news.yahoo.co.jp/articles/582096ee529fbdeba61b8bdb0517a33311e24372,7/19(金) 21:00
it_nlab,ねとらぼ,「ハッチバック」の燃費ランキング！　同率1位は「トヨタ パッソ」ともうひとつは？【2024年7月・カーセンサー調べ】,https://news.yahoo.co.jp/articles/27c93f8daeb7eeb38db2d47da27482304e13ef67,7/19(金) 21:00
it_nlab,ねとらぼ,【40代男性に聞いた】勤めている人と付き合いたいと思う「企業」ランキング！　2位は「トヨタ自動車」、1位は？,https://news.yahoo.co.jp/articles/d21901c40241b4f88234fd35dac39171ca1984b4,7/19(金) 20:55
it_nlab,ねとらぼ,3万円以下の「スマートウォッチ」おすすめ6選　シャオミやファーウェイなどのアイテムを紹介！【2024年7月版】,https://news.yahoo.co.jp/articles/a1dd392cd0faace19e4303e06db718be00ad999a,7/19(金) 20:54
it_nlab,ねとらぼ,【60代以上に聞いた】最強だと思う「柔軟剤ブランド・メーカー」ランキング！　第2位は「レノア」、1位は？,https://news.yahoo.co.jp/articles/a9ca88e7c9ab9ec122583b060678c7a5c8e70095,7/19(金) 20:50
it_nlab,ねとらぼ,「仲良しすぎる」　骨折をした直後に数年ぶりの友人に会ったら……？　“まさかの偶然”に22万いいね,https://news.yahoo.co.jp/articles/a7e5a02dbfa5894dd6cf2ad1f25716fb33576aa6,7/19(金) 20:45
it_nlab,ねとらぼ,【地元の30代以下に聞いた】おすすめの「JR博多シティのラーメン店」ランキング！　2位は「博多一風堂」、1位は？,https://news.yahoo.co.jp/articles/10999e478c9e9497513264911dcde868b75f3183,7/19(金) 20:45
it_nlab,ねとらぼ,【北海道・東北在住者が選ぶ】子どもを進学させたい「東京都の私立大学」ランキング！　2位は「慶應義塾大学」、1位は？,https://news.yahoo.co.jp/articles/e62ed79bdbf206d2867b7a51f8972b034a668004,7/19(金) 20:35
it_nlab,ねとらぼ,【K-POP】「第二世代の男性アイドルグループ」人気ランキング！　2位は「SUPER JUNIOR」、1位は？,https://news.yahoo.co.jp/articles/e4e0186673e3648f921beb28361d12c5525da1ee,7/19(金) 20:30
it_nlab,ねとらぼ,「ついに来たか！」　プッチンプリン出荷再開へ　SNS上はグリコ発表に歓喜の声　「まってましたぁ！！！」,https://news.yahoo.co.jp/articles/1f82d83cf6ecdf6e8dc6a1638eb9e1dd144deab1,7/19(金) 20:29
it_nlab,ねとらぼ,今人気の「醤油味の袋麺」おすすめランキング！　2位は「サッポロ一番 しょうゆ味」、1位は？【2024年7月版】,https://news.yahoo.co.jp/articles/2196aba0e00cc7cc595f92ad27a3967c954fd592,7/19(金) 20:21
it_nlab,ねとらぼ,「福岡市で人気の中華料理」ランキング！　2位は薬院駅近くの人気店「一碗居 凛丹」、1位は？【2024年7月版】,https://news.yahoo.co.jp/articles/1fc04a1ac4ae729676557792c84414d5223534e5,7/19(金) 20:20
it_nlab,ねとらぼ,「その発想はなかった」　冷凍食品を温めるときの悩みに対する“猛者の回答”が「ベストアンサーすぎる」と17万いいね,https://news.yahoo.co.jp/articles/791933af4b39c00ce06512e26d26b04f57a780e4,7/19(金) 20:15
it_nlab,ねとらぼ,なぜか“強めの悪口”を浴びせられてしまったシュークリームをご覧ください,https://news.yahoo.co.jp/articles/0ec8df951c3505b1dd4cde4b7e680aea34d2edf5,7/19(金) 20:15
it_nlab,ねとらぼ,【女性が選ぶ】最強だと思う「バレーボール男子日本代表メンバー」ランキング！　同率の1位は「煖ｴ藍」、もうひとりは？,https://news.yahoo.co.jp/articles/59bc6856e96881d30226af13e33d94a6756d73ae,7/19(金) 20:15
it_nlab,ねとらぼ,『ちいかわ』最新話、姿を見せた害虫に襲われ失神するちいかわ　「大変なことになる前触れなのでは」の声も,https://news.yahoo.co.jp/articles/3769f70b8396d597c62e4d89076e3eb6ec9f0a7e,7/19(金) 20:10
it_nlab,ねとらぼ,「佐賀市で人気のラーメン」ランキング！　2位は地元で愛される名店「大連らーめん」、1位は？【2024年7月版】,https://news.yahoo.co.jp/articles/0f38c23b939dd5971043eb5889f863154f519ce8,7/19(金) 20:10
it_nlab,ねとらぼ,初来日したスペイン人が「お土産はこれにする！」とスーパーでときめいたものとは……？　意外なチョイスに「可愛い」「お目が高い」,https://news.yahoo.co.jp/articles/40c4a1e0016629e8bcc8a642cc8ca190a588c45d,7/19(金) 20:00
it_nlab,ねとらぼ,【都民に聞いた】「東京都内でマンションを買いたい街」ランキング！　第2位は「千代田区」、1位は？,https://news.yahoo.co.jp/articles/efa2efd32416e9a2ccf70280d634dbbe59ce11ee,7/19(金) 20:00
it_nlab,ねとらぼ,2024年上半期「日本のリゾートホテル」人気ランキング！　2位は「ハレクラニ沖縄」、1位は？,https://news.yahoo.co.jp/articles/aa3de348463fff228956c863c2165b0d55e2f28f,7/19(金) 19:55
it_nlab,ねとらぼ,【60代以上が選ぶ】「そば」がマジでうまいと思う都道府県ランキング！　2位は「長野県」、1位は？,https://news.yahoo.co.jp/articles/021e8246717cc337f53c5318da87cc7f6da71f51,7/19(金) 19:50
it_nlab,ねとらぼ,「全国の道の駅」人気ランキング！　2位は「道の駅 川場田園プラザ」（群馬県）、1位は？,https://news.yahoo.co.jp/articles/7f9206116065aec2003d1af2adf7c0755377cc08,7/19(金) 19:45
it_nlab,ねとらぼ,【20代以下の男性が選ぶ】声優「竹達彩奈」が演じたテレビアニメキャラクター人気ランキング！　2位は「中野梓（けいおん！）」、1位は？,https://news.yahoo.co.jp/articles/365f797df088ee706bdf2be0c997fe6814fff18e,7/19(金) 19:40
it_nlab,ねとらぼ,【40代が選ぶ】現地に食べに行きたい「中国・四国地方のご当地ラーメン」ランキング！　2位は「徳島ラーメン」、1位は？,https://news.yahoo.co.jp/articles/73012a9c8911eb57abe955a1c460b59d9e2e8530,7/19(金) 19:35
it_nlab,ねとらぼ,「niko and…（ニコアンド）のショルダーバッグ」おすすめ5選！　お財布ショルダーやA4サイズ対応のアイテムを紹介！【2024年7月版】,https://news.yahoo.co.jp/articles/b5caac2085a9c0cd9d63e069dfa48ee9fbd82435,7/19(金) 19:33
it_nlab,ねとらぼ,メイトーのアイスに「ゴムパッキン」混入……　健康被害の恐れで約1万8700パック回収　「深くお詫び」,https://news.yahoo.co.jp/articles/45564a3fcffa496499e56860083a797c6d96215d,7/19(金) 19:32
it_nlab,ねとらぼ,日傘だと思ってバッグから取り出した“まさかのモノ”が「オタクの鑑すぎる」と515万表示　推し活あるあるに「似てるよねww」,https://news.yahoo.co.jp/articles/90c5e661662ecc08de3ec7d242477ac73b9a22c7,7/19(金) 19:30
it_nlab,ねとらぼ,「長崎県で人気の洋食」ランキング！　2位は北松浦郡佐々町の昔ながらの洋食店「のなか」、1位は？【2024年7月版】,https://news.yahoo.co.jp/articles/044fb32165dc68be7e48621d37c3347f5fb65fce,7/19(金) 19:30
it_nlab,ねとらぼ,Windowsでブルースクリーン多発する世界的な障害　原因とされるCrowdStrikeのCEO「影響を受けた顧客とともに対応」,https://news.yahoo.co.jp/articles/a47bd2df83160165d8be68ae6b3e8b73de1363ce,7/19(金) 19:27
it_nlab,ねとらぼ,【東海地方在住者に聞いた】「ひつまぶしを食べに行きたい」名古屋のお店ランキング！　2位は「ひつまぶし名古屋備長」、1位は？,https://news.yahoo.co.jp/articles/5042ffdfd14e12a6d69af0253ee3f276bcd595d3,7/19(金) 19:25
it_nlab,ねとらぼ,「全国のうまいお土産」！　「ル・デセール」「どら焼山」など、編集部員が本当におすすめしたい逸品を紹介！【2024年7月最新版】,https://news.yahoo.co.jp/articles/2c8fb102616bef985ebcdbd276907138690f3cdf,7/19(金) 19:20
it_nlab,ねとらぼ,【20代以下に聞いた】オシャレだと思う「STARTOのタレント」ランキング！　2位は「亀梨和也」、1位は？,https://news.yahoo.co.jp/articles/3870b0991d856343b882e8763f8a56ae0aac4ed4,7/19(金) 19:15
it_nlab,ねとらぼ,最近評価の高い「宮城のラーメン店」人気ランキング！　2位は「置賜屋」、1位は？【2024年7月19日時点の評価／ラーメンデータベース】,https://news.yahoo.co.jp/articles/1248a382f46b85447675dd4e9171f344c0a5a75d,7/19(金) 19:10
it_nlab,ねとらぼ,「リップスティック」から25年、当時出演キャストの現在　離婚や逮捕、表舞台から去った俳優も,https://news.yahoo.co.jp/articles/289d5cf5ccfa8d81b35c3db0105513cd937a2924,7/19(金) 19:05
it_nlab,ねとらぼ,【20代男性が選ぶ】「プロセカ」キャラクター人気ランキング！　2位は「東雲絵名」、1位は？,https://news.yahoo.co.jp/articles/dd39e74ef264cc9c0ded66208db4cab7cb4e0b8f,7/19(金) 19:05
it_nlab,ねとらぼ,「山崎実業のクローゼット収納」おすすめ6選！　「バッグ収納スタンド」や「伸縮収納力アップ2段ハンガー」などを紹介！【2024年7月版】,https://news.yahoo.co.jp/articles/12c88370a596859799c2a29f61e313bb9694a474,7/19(金) 19:01
it_nlab,ねとらぼ,応援している「K-POP女性アイドルグループ」ランキング！　2位は「LE SSERAFIM」、1位は？,https://news.yahoo.co.jp/articles/478aacdfdcd2339ff684b5e2d1150f15c91bdd24,7/19(金) 19:00
it_nlab,ねとらぼ,【都民が選ぶ】おしゃれなイメージの「GMARCH・早慶上理ICU・日東駒専の大学」ランキング！　2位は「慶應義塾大学」、1位は？,https://news.yahoo.co.jp/articles/3fc03aa228f5e83cfa07f391b7a38d50a42d4dbb,7/19(金) 18:55
it_nlab,ねとらぼ,丸山桂里奈、W杯優勝記念日に冷静ツッコミ「私、めちゃ痩せてる笑」　ファン悪乗り「どれか分からなかった」「右下の子可愛い」,https://news.yahoo.co.jp/articles/a8e603bb8b1d72a867c693c6924a7c69a4e3297a,7/19(金) 18:52
it_nlab,ねとらぼ,「世田谷区で人気の洋食」ランキング！　2位は経堂駅近くの行列ができる名店「洋食バル ウルトラ」、1位は？【2024年7月版】,https://news.yahoo.co.jp/articles/041b827bda1855dc492921e8105a7a3571409ad1,7/19(金) 18:50
it_nlab,ねとらぼ,【40代が選ぶ】声が好きな「TBSの女性アナウンサー」ランキング！　第2位は「宇賀神メグ」、1位は？,https://news.yahoo.co.jp/articles/6e0cd170386565f5e8cba7aaa2381b7a06a9540a,7/19(金) 18:45
it_nlab,ねとらぼ,【60代に聞いた】最高にうまいと思う「カップ麺シリーズ」ランキング！　2位は「日清食品  日清ラ王」、1位は？,https://news.yahoo.co.jp/articles/8d8296df2e9a6253ca277a2ab821f729e8db5255,7/19(金) 18:40
it_nlab,ねとらぼ,【60代以上が選ぶ】最高に面白い韓国の「サスペンス作品」ランキング！　2位は「秘密の森〜深い闇の向こうに〜」、1位は？,https://news.yahoo.co.jp/articles/888374dcfe55dcdb5a41c65270256a1207ad38ef,7/19(金) 18:35
it_nlab,ねとらぼ,“飲みづらさ”追求したビールグラス誕生　飲みすぎない仕掛けでゆっくり味わう,https://news.yahoo.co.jp/articles/14ab06605be7a66a0c5bacac40ce5b0d101a1296,7/19(金) 18:30
it_nlab,ねとらぼ,「さいたま市で人気のうなぎ」ランキング！　2位はお持ち帰りもできるお店「うなぎ相川屋」、1位は？【2024年7月版】,https://news.yahoo.co.jp/articles/f1cc5ee526e29a4f43db31b25212d7dd59d78125,7/19(金) 18:30
it_nlab,ねとらぼ,【60代以上の女性が選ぶ】ダンスパフォーマンスが好きな「SixTONES」のシングル曲ランキング！　2位は「こっから」、1位は？,https://news.yahoo.co.jp/articles/f2b091cec268312a6a3eadd8e5018ec3e582a1e2,7/19(金) 18:25
it_nlab,ねとらぼ,【男性に聞いた】字面がかっこいい「日本の官公庁」ランキング！　2位は「内閣官房」、1位は？,https://news.yahoo.co.jp/articles/eacc4c51162753dff79bac9bd9d0cdab7357070b,7/19(金) 18:20
it_nlab,ねとらぼ,【40代が選ぶ】「地元民しか読めない！」と思う埼玉県の市町村名ランキング！　2位は「入間郡毛呂山町」、1位は？,https://news.yahoo.co.jp/articles/f89bc38c93f004b72e3599df7e3b93245a0ba8af,7/19(金) 18:15
it_nlab,ねとらぼ,「レギュラーガソリンが安い都道府県」ランキング！　2位は「青森県（166.0円）」、1位は？【2024年7月18日時点】,https://news.yahoo.co.jp/articles/f8e1d8df95ba7ec1902cf9919638a31b6598b1f0,7/19(金) 18:10
it_nlab,ねとらぼ,「沖縄県で人気の4つ星ホテル」ランキング！　2位は小浜島にあるリゾートホテル「はいむるぶし」、1位は？【2024年7月版】,https://news.yahoo.co.jp/articles/db57b7f5e74d936dc264c215931a157dfbdddd1b,7/19(金) 18:05
it_nlab,ねとらぼ,【60〜70代の都民が選ぶ】永住したい「東急池上線沿いの街（駅）」ランキング！　2位は「五反田」、1位は？,https://news.yahoo.co.jp/articles/c3e86236aa022a420e57fe070ff61c83d4e7fbe5,7/19(金) 18:00
it_nlab,ねとらぼ,【30〜40代の女性が選ぶ】マジでうまいと思う「レトルトカレー」ランキング！　2位は「ボンカレーゴールド（大塚食品）」、1位は？,https://news.yahoo.co.jp/articles/3b2b73012543a8ad6979b7d972064dc15de2ff15,7/19(金) 17:55
it_nlab,ねとらぼ,「練馬区で人気のうどん」ランキング！　2位はこだわりのうどんと一品料理のお店「長谷川」、1位は？【2024年7月版】,https://news.yahoo.co.jp/articles/2719196d0277aa87dfd967320dcd38ab68fe6f22,7/19(金) 17:45
it_nlab,ねとらぼ,藤井聡太王位、豪華な“2段重箱の昼食”に注目　おやつに選んだ飲み物には「新手では？」と驚きの声,https://news.yahoo.co.jp/articles/aa2d3e838d749aabe3f9d32e17a83ace2c461e5d,7/19(金) 17:42
it_nlab,ねとらぼ,【50代が選ぶ】ナンバープレートにしたらかっこいいと思う「京都府の地名」ランキング！　2位は「舞鶴」、1位は？,https://news.yahoo.co.jp/articles/ebe8c008d4bcd2a4691c24dc4f4c3278c021f58e,7/19(金) 17:35
it_nlab,ねとらぼ,アニメ「ドラゴンボールDAIMA」、2024年10月放送開始　「超」以来6年ぶりの完全新作,https://news.yahoo.co.jp/articles/d5d9dce3b0cad1e521820e930b09632a541c3d21,7/19(金) 17:26
it_nlab,ねとらぼ,【60代以上の男性が選ぶ】近所にできてほしい「ラーメンチェーン」ランキング！　2位は「喜多方ラーメン 坂内」、1位は？,https://news.yahoo.co.jp/articles/bf571e9795c20de21375ec414733c1964ad395f8,7/19(金) 17:25
it_nlab,ねとらぼ,紙の「タウンページ」と「104番」の番号案内、2026年に終了,https://news.yahoo.co.jp/articles/96d3e67c8697c944bb893270b910b27dee20cc56,7/19(金) 17:20
it_nlab,ねとらぼ,【発売3年以内】「下道ツーリングにオススメのバイク」注目度ランキング！　2位は「Z900RS/カワサキ」、1位は？【2024年7月16日時点／ウェビック調べ】,https://news.yahoo.co.jp/articles/123a9a3623d112a2399fd8ef6e803317b84b2aa0,7/19(金) 17:15
it_nlab,ねとらぼ,「熊本県で人気の豚骨ラーメン」ランキング！　2位は水前寺公園駅から徒歩2分ほどでアクセスできる「熊本拉麺 豚美」、1位は？【2024年7月版】,https://news.yahoo.co.jp/articles/a08089f9a5f428b903e6d998c0e96483e6786f64,7/19(金) 17:05
it_nlab,ねとらぼ,心臓手術受けた高田延彦、ひと晩で「短い入院生活」終了も……「まだ続くのかは分かりません」　過去には激しい発作で“最期を想像する時”も,https://news.yahoo.co.jp/articles/477176f01ece93a8d8f6c87675707925f9ef52b3,7/19(金) 17:01
it_nlab,ねとらぼ,「山形のラーメン店」人気ランキング！　2位は「龍上海 赤湯本店」、1位は？【2024年7月19日時点の評価／ラーメンデータベース】,https://news.yahoo.co.jp/articles/0055d008f45a4b052316ccc80720575a063f6e19,7/19(金) 16:35
it_nlab,ねとらぼ,「佐賀県で多い名字」ランキング！　2位は「田中」、1位は？,https://news.yahoo.co.jp/articles/e46d43ef335f780ace4302c79eae78551263cac0,7/19(金) 16:30
it_nlab,ねとらぼ,情報量が多すぎる「ウマ娘」新CMが公開　夏になると思い出す、松崎しげるとウマ娘,https://news.yahoo.co.jp/articles/bfa17c267ac186c1e8018c1ea8885a06ba46d37b,7/19(金) 16:21
it_nlab,ねとらぼ,「メルセデス・ベンツ」の人気車種ランキング！　2位は「メルセデス・ベンツ Cクラス」、1位は？【2024年7月・カーセンサー調べ】,https://news.yahoo.co.jp/articles/4e3d366d8a8e7f3361320ca840fd89d57ca45edb,7/19(金) 16:20
it_nlab,ねとらぼ,鈴木奈々、モデルルームのような自宅キッチンを公開　「すっごい素敵で広い」「オシャレですねー！」と反響,https://news.yahoo.co.jp/articles/09da4f8eeeaa9ecb8e43e0361f40f27dedcbbf10,7/19(金) 16:08
it_nlab,ねとらぼ,「岡山県で人気のステーキ」ランキング！　2位は岡山市にある高級感のあるお店「四季彩鉄板 くさの」、1位は？【2024年7月版】,https://news.yahoo.co.jp/articles/d84bb454cb00685ef0022c58afe941d5bbedc35f,7/19(金) 16:05
it_nlab,ねとらぼ,カブスvsドジャース、2025年シーズンは日本で開幕　25年前の日本での開幕戦を組み込んだ告知映像に「完璧なプロモーション」「絶対に行く」,https://news.yahoo.co.jp/articles/f15ea170a7fb1e8a0d2289bad5dc46256f61fd57,7/19(金) 16:04
it_nlab,ねとらぼ,永野を“制裁”した陣内智則、若手時代でも「注目の後輩」にブチギレ　“器ちっちゃい”の本音で「髪の毛つかんで後頭部地面に打ちつけ」……目撃者は「頭おかしい」,https://news.yahoo.co.jp/articles/b0022c3a514adb51acb072a215e4d00ec08cfdd4,7/19(金) 16:00
it_nlab,ねとらぼ,今人気の「無印良品のシャツ・ブラウス（レディース）」ランキング！　第2位は「婦人　ヘンプ　レーヨン　半袖ブラウス」、1位は？【2024年7月17日時点／無印良品調べ】,https://news.yahoo.co.jp/articles/231387b2f9f39aa300f91e1461b01d156358678b,7/19(金) 15:35
it_nlab,ねとらぼ,「距離感バグってる人多すぎ」現役アイドルが“女オタオタ”へ警告　しつこい声かけや接触に苦言「女の子からしたら怖い事」,https://news.yahoo.co.jp/articles/25b00a560c1cbfdda507c98306663c095a47a8bc,7/19(金) 15:34
it_nlab,ねとらぼ,「前橋市で人気のラーメン店」ランキング！　2位は上小出町にあるサイドメニューも人気の「担担麺専門 たんさゐぼう」、1位は？【2024年7月版】,https://news.yahoo.co.jp/articles/7827f8939db0b107ce4b436d61801a3703e01c94,7/19(金) 15:25
it_nlab,ねとらぼ,家具を覆うシートに貼り付いてしまったトカゲ、身動きがとれず……　大ピンチを切り抜けた救助劇にほっとする【イタリア】,https://news.yahoo.co.jp/articles/34873938bd53763a38327899362df9a870ebfdfd,7/19(金) 15:05
it_nlab,ねとらぼ,「愛知県で人気のとんかつ」ランキング！　2位は知立市の味噌カツが人気のお店「とんかつの浜田」、1位は？【2024年7月版】,https://news.yahoo.co.jp/articles/a4c634866fed1f21a50af512966c7a8b6f7d2a2b,7/19(金) 15:05
it_nlab,ねとらぼ,「柔らかな表情で素敵」　五輪メダリストの女性空手家、テレビの華やぎ衣装でイメージガラリ　視聴者もクギづけ「こんなにラブリーなんだ」,https://news.yahoo.co.jp/articles/c198240343d7cb353c8ff0b9a6de31b1bbec14b4,7/19(金) 14:50
it_nlab,ねとらぼ,「関東地方で人気のコストコ」ランキング！　2位は羽田空港からほど近い場所にある「コストコホールセール 川崎倉庫店」、1位は？【2024年7月版】,https://news.yahoo.co.jp/articles/6997e63034ab9af549db04b746b28f24af3e1a3c,7/19(金) 14:45
it_nlab,ねとらぼ,「コストコで人気のグルメ食品・ドライフルーツ」ランキング！　2位は「DJ&A シイタケマッシュルームクリスプ 300g」、1位は？【2024年7月18日時点】,https://news.yahoo.co.jp/articles/5d8be236145ce693f321753618455048f4970924,7/19(金) 14:25
it_nlab,ねとらぼ,「文京区で人気のケーキ」ランキング！　2位は白山で親しまれている「エリティエ」、1位は？【2024年7月版】,https://news.yahoo.co.jp/articles/55c46772c433c0acd4648844bb4cc71a43e28150,7/19(金) 14:05
it_nlab,ねとらぼ,「これ加工じゃないの!?」「ちょっとやりすぎ」　“令和の峰不二子”阿部なつき、驚異的なくびれに驚きの声集まる,https://news.yahoo.co.jp/articles/12c23c9c1e05be3d9cb8ee924cf5a708801fb782,7/19(金) 14:04
it_nlab,ねとらぼ,「栃木の醤油ラーメン店」人気ランキング！　2位は「青竹手打ちラーメン 日向屋」、1位は？【2024年7月19日時点の評価／ラーメンデータベース】,https://news.yahoo.co.jp/articles/3a571d2ef650ad1bf17f333a3b4daaf627103cf1,7/19(金) 13:35
it_nlab,ねとらぼ,「神奈川県で人気の焼き菓子」ランキング！　2位は横浜市にあるおいしいスイーツを提供する「スイーツガーデン ユウジアジキ」、1位は？【2024年7月版】,https://news.yahoo.co.jp/articles/269f66030c3f397aafd105c966f5c91e3d7db979,7/19(金) 13:05
it_nlab,ねとらぼ,「リアルカイジ」粗品、韓国カジノでの「1億勝負」→まさかの結果が話題　「マネーエンタメありがとう」「2024年に見たエンタメの中で間違いなく一番」,https://news.yahoo.co.jp/articles/c5e1c9efd1500833dc5c43aba434a32ed1620007,7/19(金) 12:54
it_nlab,ねとらぼ,「IWGP」から24年、加藤あいと坂口憲二の“やりとり”がエモい　「ブクロサイコー！」「ファンにはたまんない」,https://news.yahoo.co.jp/articles/19220af5d934ffe0658ca141f0fda374c9cb63e9,7/19(金) 12:53
it_nlab,ねとらぼ,【宮城県版】「住みここちのよい街」ランキング！　2位は「仙台市太白区」、1位は？,https://news.yahoo.co.jp/articles/486dd872f2c0883e7c442b29f904560843f7e86e,7/19(金) 12:50
it_nlab,ねとらぼ,「BreakingDown」こめお、左腕の“漢字タトゥー”に批判の声「料理人なのに」……本人はピシャリ「ちょっと古い」「日本食だけなんで許容できない」,https://news.yahoo.co.jp/articles/90f6e76eb0d56779c31a75d19793060ae2bfd3b3,7/19(金) 12:48
it_nlab,ねとらぼ,頭の上に出現したのは……　とんでもない“女性のヘアセット”が240万再生　「発想がすごい」「天才」,https://news.yahoo.co.jp/articles/11aa796d80ecb9a97f8ab5ad8498b15115a147d9,7/19(金) 12:45
it_nlab,ねとらぼ,「夏休みの海外旅行先」人気ランキング！　第2位は「台北」、1位は？,https://news.yahoo.co.jp/articles/8d6321a132fea2d52e758a87fe1ffd885299e190,7/19(金) 12:40
it_nlab,ねとらぼ,【中四国・九州沖縄在住者に聞いた】「神戸土産を買ってきてほしいお店」ランキング！　2位は「神戸風月堂」と「文明堂神戸店」、1位は？,https://news.yahoo.co.jp/articles/7dbba3617937680776b7a377f2b99203f8aad038,7/19(金) 12:35
it_nlab,ねとらぼ,ぬいぐるみが届いた半年後……　二度見必至なトイプードルの“モノマネ”に「100点満点」と興奮の声,https://news.yahoo.co.jp/articles/b7b2d1f736bb31f7c820d4ff67e33fa415e35a75,7/19(金) 12:30
it_nlab,ねとらぼ,2024年上半期「韓流・アジア作品」人気ランキング！　2位は「ウエディング・インポッシブル」、1位は？,https://news.yahoo.co.jp/articles/80a51c88f5ab374f9953195532858f6df1a2e253,7/19(金) 12:30
it_nlab,ねとらぼ,「松戸市で人気のスーパーマーケット」ランキング！　2位は有機食材を多く取り扱う「オーガニックスーパークランデール」、1位は？【2024年7月版】,https://news.yahoo.co.jp/articles/0d178d93d6e084ecaedbe8f7a2bc2263af51c505,7/19(金) 12:20
it_nlab,ねとらぼ,おかもとまりの夫、妻の看病が続き「僕の気が滅入ってしまいます」　5年間服用のピルを辞め体調不良続く,https://news.yahoo.co.jp/articles/e61462895385af77d4cdd4a57efdf57903cd3439,7/19(金) 12:19
it_nlab,ねとらぼ,そうめんをオシャレにアレンジしたら……　アイデア満載のおもてなしレシピに絶賛の嵐　「見るだけで夏バテ吹っ飛びました」,https://news.yahoo.co.jp/articles/98f4f826dd8f7fb9e76056d14bb3ddc57c546325,7/19(金) 12:15
it_nlab,ねとらぼ,「パリ五輪」で楽しみにしている競技は？　3つの競技を紹介！,https://news.yahoo.co.jp/articles/ecf35f58464c7db70c1b0c4511908cdb23458c88,7/19(金) 12:05
it_nlab,ねとらぼ,コンテンツサービスで相次ぐ突然のクレカ決済停止の問題点　今後どう対応できるのか、議員と弁護士に聞いた,https://news.yahoo.co.jp/articles/5e6a9af0134d928ae69a07d8d81db4277297975c,7/19(金) 12:00
it_nlab,ねとらぼ,新生児育児は大変だけど……　「赤ちゃんの笑顔が待ってるからがんばって」疲れが吹き飛ぶ笑い声に24万いいね【海外】,https://news.yahoo.co.jp/articles/b174678b369e9481fcc71d857c3b85cf40802862,7/19(金) 12:00
it_nlab,ねとらぼ,「ただのラブライバー」だった女性が成長し……　“別人級”になったコスプレイヤーに仰天　「本気度違う」「ほのかちゃん〜！」,https://news.yahoo.co.jp/articles/440e9f28c5c74abae18a3ca443aff05e544831d0,7/19(金) 12:00
it_nlab,ねとらぼ,「神奈川県で人気の立ち食いそば・うどん」ランキング！　2位は関西風の透明なつゆが楽しめる「ごん兵衛」、1位は？【2024年7月版】,https://news.yahoo.co.jp/articles/649e4a4738f70eb29fa92626de75ce0376a0549d,7/19(金) 12:00
it_nlab,ねとらぼ,井戸田潤、安達祐実“18歳娘”の運動会に初参加……わが子の“出迎え”姿に超感動「うれしくてずっと泣いてた」「オレだけ大興奮」,https://news.yahoo.co.jp/articles/7e06685c04aa838ec28d821dd59ca05362424fa1,7/19(金) 11:54
it_nlab,ねとらぼ,「ボルボ」の人気車種ランキング！　2位は「ボルボ V60」、1位は？【2024年7月・カーセンサー調べ】,https://news.yahoo.co.jp/articles/063d7598da24266cd477d007227fbe777fafeeb3,7/19(金) 11:50
it_nlab,ねとらぼ,「宮城のうまいお土産」9選！　「喜久福」「栄泉堂のバター最中」「霜ばしら」など、編集部員が本当におすすめしたい逸品を紹介！【2024年7月最新版】,https://news.yahoo.co.jp/articles/3f10c2c2a1d4788225479591b139649105e5d435,7/19(金) 11:45
it_nlab,ねとらぼ,「コストコで人気のクッキー・ビスケット」ランキング！　2位は「フルグラビッツ26g×16packs」、1位は？【2024年7月13日時点】,https://news.yahoo.co.jp/articles/1dcfc13d3b16b6b4c3b2ea9c59a794a206874517,7/19(金) 11:40
it_nlab,ねとらぼ,【発売3年以内】「ミニバイク」注目度ランキング！　2位は「スーパーカブ110/ホンダ」、1位は？【2024年7月16日時点／ウェビック調べ】,https://news.yahoo.co.jp/articles/27d4461968e9b7344f6ac8f7118a7c6ce5ea43e5,7/19(金) 11:35
it_nlab,ねとらぼ,「神奈川の醤油ラーメン店」人気ランキング！　2位は「中華そば 燒」、1位は？【2024年7月18日時点の評価／ラーメンデータベース】,https://news.yahoo.co.jp/articles/3053e3f517de5561c31ae1660a609a6be6d5ac2e,7/19(金) 11:30
it_nlab,ねとらぼ,マクドナルドでシステム障害発生で臨時休業の店舗も　約3割の店舗に影響　原因は究明中,https://news.yahoo.co.jp/articles/52b027bd71359d8c83f1aa97b60c225050707180,7/19(金) 11:10
it_nlab,ねとらぼ,「岡山県で人気のバイキング（ビュッフェ）」ランキング！　2位は前菜やピザなどが食べ放題の「キャナリィ・ロウ 岡山西店」、1位は？【2024年7月版】,https://news.yahoo.co.jp/articles/bd341429f1d49c02c35cd86ca17934dfdf70295d,7/19(金) 11:10
it_nlab,ねとらぼ,発泡スチロールで“なんちゃって石壁”DIY　近くで見ても気付かない衝撃クオリティーに「石にしか見えない、天才」「断熱や防音にも」,https://news.yahoo.co.jp/articles/7e6c1785dad1a7fcc78f71515c09bb011206289a,7/19(金) 11:00
it_nlab,ねとらぼ,今人気の「無印良品のワンピース・チュニック（レディース）」ランキング！　2位は「婦人　乾きやすいブロード　キャミソールワンピース」、1位は？【2024年7月16日時点／無印良品調べ】,https://news.yahoo.co.jp/articles/bd6161a3dec4f4547b094b94ee7c405db1d5da52,7/19(金) 11:00
it_nlab,ねとらぼ,【50〜60代が選んだ】最高にうまいと思う「惣菜系のランチパック」ランキング！　2位は「ツナマヨネーズ」、1位は？,https://news.yahoo.co.jp/articles/e7fe852d5d9866ae5fea4edb60f8cff86aadccd3,7/19(金) 10:30
it_nlab,ねとらぼ,父に大好物、“金目鯛の頭”を煮て出したら……ふと漏らした“言葉”が194万表示　「胸にじんわり、くる」「荒んだ心に刺さった」と反響多数,https://news.yahoo.co.jp/articles/3f86e0d19a1667cbbc721a3c5b64373c8bf239c3,7/19(金) 10:00
it_nlab,ねとらぼ,「埼玉県で人気の寿司店」ランキング！　2位は朝霞市にあるメニューが豊富なお店「江戸政寿司」、1位は？【2024年7月版】,https://news.yahoo.co.jp/articles/674da28021ccd1ff197f94eb638dbfbd6759fcd4,7/19(金) 10:00
it_nlab,ねとらぼ,「新潟県で人気の道の駅」ランキング！　2位は能生漁港でとれた生きのいいカニが名物の「道の駅 マリンドリーム能生」、1位は？【2024年7月版】,https://news.yahoo.co.jp/articles/c2d45bbeea1f3eb9e9ba28109268b478af4b3a1f,7/19(金) 9:30
it_nlab,ねとらぼ,“気持ち悪い動き”をしながら近づく犬と、ドン引きの猫　思わず吹き出すオチに「完全に不審犬ww」「動物って本当に面白い」,https://news.yahoo.co.jp/articles/9c65480a2ec49310ca078a2cec1d663bc1d9f146,7/19(金) 9:00
it_nlab,ねとらぼ,最近評価の高い「青森の醤油ラーメン店」人気ランキング！　2位は「つけ蕎麦 津桜」、1位は？【2024年7月18日時点の評価／ラーメンデータベース】,https://news.yahoo.co.jp/articles/e73be960abfa4438a45cf5374321f67a8256232d,7/19(金) 9:00
it_nlab,ねとらぼ,プロバレーチームが異例の「選手へのDMは返信しません」宣言　ファンは賛同「返信する必要は全くない」「トラブルの始まりはDM」,https://news.yahoo.co.jp/articles/6a65d429a08b59ecf73d465ebf66ada6ed1383af,7/19(金) 8:35
it_nlab,ねとらぼ,【都民に聞いた】企業からの評価が高いと思う「GMARCH・早慶上理ICU・日東駒専の大学」ランキング！　2位は「慶應義塾大学」、1位は？,https://news.yahoo.co.jp/articles/8c81f5db688d55732a4d6ddea6282591f6bc63aa,7/19(金) 8:30
it_nlab,ねとらぼ,若者「新札の5000円札貰いましたよ！」→まさかの正体にツッコミ殺到　「どこに眠ってたんだ」「逆にレア」,https://news.yahoo.co.jp/articles/1e939bdb41884c79bae0617b9294202076815ad4,7/19(金) 8:15
it_nlab,ねとらぼ,その名も「エビフリャー アウネン」　エビフライを食べるために作られた国産スパークリングワイン登場,https://news.yahoo.co.jp/articles/b6d91a97ad064366a886ddfd5fe35bc537b93918,7/19(金) 8:10
it_nlab,ねとらぼ,付録は紀ノ国屋×ジャーナルスタンダードレサージュのショッピングバッグ！　『オトナミューズ』9月号発売へ,https://news.yahoo.co.jp/articles/cc488105a407ffe196e603c33c3c589bcefab639,7/19(金) 8:10
it_nlab,ねとらぼ,「かわいすぎて怒れない……！」　イタズラからの元気いっぱいな“自白”に思わずキュン「無条件で許すwww」「むしろハグしたくなるかわいさ」,https://news.yahoo.co.jp/articles/da747ca853f7a6364d610bbeee1b9236efc869f7,7/19(金) 8:00
it_nlab,ねとらぼ,1歳赤ちゃん、大好きすぎるパパを見送ろうとしたが……　130万再生のけなげな姿に「涙が出た」「お仕事行けなくなるやつや」,https://news.yahoo.co.jp/articles/c6ee560d49641b40473eb67a10f72c493e29bfe4,7/19(金) 8:00
it_nlab,ねとらぼ,「千葉駅で人気のラーメン」ランキング！　2位は淡麗系の醤油スープが味わえる「中華蕎麦 ます嶋」、1位は？【2024年7月版】,https://news.yahoo.co.jp/articles/c236b04945ede178f16578391c6bb1d1cc801223,7/19(金) 8:00
it_nlab,ねとらぼ,「あまりに最高すぎる」　実家に帰省→トイレに飾ってあった“幼少期の自分作”の絵に「めちゃくちゃ良い」,https://news.yahoo.co.jp/articles/ccacd2e9f01a2673ad78755b11d42449e5b2fc93,7/19(金) 7:45
it_nlab,ねとらぼ,「お釣りで新紙幣来た！！！！！と思ったら……」　“まさかの正体”に「吹き出してしまった」「逆に……」,https://news.yahoo.co.jp/articles/0dfe4bffcb5c7d1d02ecc5cd6ed35937dab93ed8,7/19(金) 7:30
it_nlab,ねとらぼ,柴子犬、大好きなお姉ちゃんの帰宅に気付いた瞬間……　喜びと愛が大爆発のお出迎えに「可愛すぎてしんどい」「疲れもふっとぶ」,https://news.yahoo.co.jp/articles/a222d0d9207c403bd30d3b1f927d355f5f63c431,7/19(金) 7:30
it_nlab,ねとらぼ,【大阪府民に聞いた】就職力が高いと思う「近畿地方の私立大学」ランキング！　2位は「関西学院大学」「同志社大学」、1位は？,https://news.yahoo.co.jp/articles/85e9506cb20b5aa95957e2fef6be2337eeb15dc7,7/19(金) 7:30
it_nlab,ねとらぼ,「ムコ殿」から23年、当時出演キャストの現在　当時8歳の神木隆之介も出演、激変が話題の俳優も,https://news.yahoo.co.jp/articles/9fd042eeb84d0e25bfead629d8b660e9f8d10cca,7/19(金) 7:15
it_nlab,ねとらぼ,母「TOEIC800点取れたら800万貸したげるわ笑」→800点取った猛者が現る　その後のやりとりに「つ、強い……」「母かわいすぎんか？」,https://news.yahoo.co.jp/articles/00a70b1b3a463325caaf85c3fe7b9ba27ee60714,7/19(金) 7:15
it_nlab,ねとらぼ,"【女性が選ぶ】TBSの「THE TIME,」人気アナウンサーランキング！　2位は「杉山真也」、1位は？",https://news.yahoo.co.jp/articles/25428be8535b8ee12fdb23df1589bf87fd1b9c69,7/19(金) 7:15
it_nlab,ねとらぼ,ハムスターの“ショーシャンク級”脱走方法に「え!?え!?」「凄すぎる…」　混乱する人続出の“痕跡”が話題,https://news.yahoo.co.jp/articles/7e7dccd243831694ae23bb648104102d55ef2ea4,7/19(金) 7:05
it_nlab,ねとらぼ,「銀座で人気のランチ」ランキング！　2位はすき焼きがおいしい「人形町今半 銀座店」、1位は？【2024年7月版】,https://news.yahoo.co.jp/articles/13883a4ca161260b6df445d788937ad2c56d33d3,7/19(金) 7:00
it_nlab,ねとらぼ,しつこく再生する切り株に対処する“便利屋”の仕事ぶりに140万再生　「2時間で終わらすのすごい」「良心的で仕事も丁寧」,https://news.yahoo.co.jp/articles/e801c8881bb39882c466100438885b308b4617c2,7/19(金) 7:00
it_nlab,ねとらぼ,「大阪府で人気のとんかつ」ランキング！　2位は八尾市の有名店「とんかつ レボリューション（revolution）」、1位は？【2024年7月版】,https://news.yahoo.co.jp/articles/fda99c6419f7c1899579cc53ef6061d1e8c84c92,7/19(金) 0:05
it_nlab,ねとらぼ,【7月19日は藤井聡太さんの誕生日】応援している将棋の現役「プロ棋士」ランキング！　2位は「羽生善治」、1位は？,https://news.yahoo.co.jp/articles/4de8c0e1f4dfd5678f3ed9625b2ac7a1b4f58dcd,7/19(金) 0:01
it_nlab,ねとらぼ,【19歳以下の男性が選ぶ】「プロジェクトセカイ」のユニット人気ランキング！　2位は「Leo/need」、1位は？,https://news.yahoo.co.jp/articles/9450a86ecc7f631d4a928876b1acfe2548238501,7/18(木) 23:00
it_nlab,ねとらぼ,【70代が選ぶ】「何回でも行きたい神奈川県の温泉地」ランキング！　2位は「箱根湯本温泉」、1位は？,https://news.yahoo.co.jp/articles/ebd77b93938cb8d2d79b81222e71ddf3f671fc2a,7/18(木) 22:50
it_nlab,ねとらぼ,最後まで見たい「2024年の夏ドラマ」はどれ？　3作品を紹介！,https://news.yahoo.co.jp/articles/692d9cffec6fdf188a3a791867b934bf3eb98163,7/18(木) 22:40
it_nlab,ねとらぼ,最近評価の高い「福島の醤油ラーメン店」人気ランキング！　第2位は「いまの家」、1位は？【2024年7月18日時点の評価／ラーメンデータベース】,https://news.yahoo.co.jp/articles/73e9ca78ed4128370cd1fa32efb3ea64c969eed0,7/18(木) 22:30
it_nlab,ねとらぼ,【40代女性が選ぶ】声優「諏訪部順一」が演じたテレビアニメキャラクター人気ランキング！　2位は「神宮寺レン（うたの☆プリンスさまっ♪ マジLOVEシリーズ）」、1位は？,https://news.yahoo.co.jp/articles/94b0b3b73f129e0d146238d6d1a3c877e6420290,7/18(木) 22:25
it_nlab,ねとらぼ,【K-POP】応援している「男性アイドルグループ」ランキング！　2位は「ENHYPEN」、1位は？,https://news.yahoo.co.jp/articles/d41237cb91d3e82862e0f6d883edf7f68f87858b,7/18(木) 22:15
it_nlab,ねとらぼ,【さらば青春の光・森田が聞きたい】「いつもかゆくなる体の部位」ランキング！　2位は「背中」、1位は？【私のバカせまい史コラボ】,https://news.yahoo.co.jp/articles/2bc8f02bfb3ddd0b67ccdf942e8ab17399763fc9,7/18(木) 22:10
it_nlab,ねとらぼ,【バカリズムが聞きたい】「Tシャツの首元」人気ランキング！　2位は「Vネック」、1位は？【私のバカせまい史コラボ】,https://news.yahoo.co.jp/articles/b6aad506ead1c66041d41d89a4706e53c479a1d4,7/18(木) 22:05
it_nlab,ねとらぼ,「青森市で人気のラーメン」ランキング！　2位は浪岡にある煮干しを使ったスープが魅力のお店「つねた食堂」、1位は？【2024年7月版】,https://news.yahoo.co.jp/articles/0d4170df426f6df55f1d1426734fb2c1536023f3,7/18(木) 22:05
it_nlab,ねとらぼ,プロが本気で“アンパンマンの塗り絵”をしたら……　衝撃の仕上がりが360万再生「凄すぎて笑うしかないww」「チーズが、、、」,https://news.yahoo.co.jp/articles/ab1a1565a749fad10e70697b796763dd8a57c113,7/18(木) 22:00
it_nlab,ねとらぼ,【さらば青春の光・森田が聞きたい】結局一番便利だと思う「掃除用品」ランキング！　2位は「お掃除シート」、1位は？【私のバカせまい史コラボ・2024年最新投票結果】,https://news.yahoo.co.jp/articles/efb1bb23fa689f3ebd91d6151fdf76673b8462b5,7/18(木) 22:00
it_nlab,ねとらぼ,【福岡県在住の女性に聞いた】福岡市でおすすめの「もつ鍋店」ランキング！　第2位は「もつ鍋 川端」「元祖もつ鍋もつ焼き楽天地」、1位は？,https://news.yahoo.co.jp/articles/b023a41da787c065fbecf62d60b6b741eb1cc0a6,7/18(木) 22:00
it_nlab,ねとらぼ,【主婦に聞いた】「常備しておきたい即席みそ汁」ランキング！　2位は「料亭の味シリーズ （マルコメ）」、1位は？,https://news.yahoo.co.jp/articles/86c06d3980e63d9ea80bea6bd118891553695864,7/18(木) 21:55
it_nlab,ねとらぼ,【60代に聞いた】最高の作品だと思う「1994年放送のアニメ」ランキング！　2位は「キャプテン翼J」、1位は？,https://news.yahoo.co.jp/articles/d416d635beeab91da341aad6ede771e7169279a6,7/18(木) 21:50
it_nlab,ねとらぼ,「西川貴教専用機」　“光の翼付き”限定MGガンプラ発売決定　販売方法に「当日荒れる」の心配も……,https://news.yahoo.co.jp/articles/c9a60173288d9a9319843e7b4fdcb2e1a08477ad,7/18(木) 21:49
it_nlab,ねとらぼ,【地元の40代が選ぶ】「大阪在住でもおいしくて買っちゃいがちな大阪土産」ランキング！　2位は「焼きたてチーズケーキ （りくろーおじさんの店）」、1位は？,https://news.yahoo.co.jp/articles/cddffa1ebf8f5c6b40416e1a9f70fe43cb93b679,7/18(木) 21:45
it_nlab,ねとらぼ,【韓国ドラマ】最高に面白いと思う「復讐・愛憎劇」ランキング！　「ペントハウス」と並ぶ同率1位は？,https://news.yahoo.co.jp/articles/291d8c918522310909e302593526e80a4dd0d72e,7/18(木) 21:40
it_nlab,ねとらぼ,【40代が選ぶ】住みやすいと思う「東京メトロ東西線の街（駅）」ランキング！　2位は「南砂町」、1位は？,https://news.yahoo.co.jp/articles/d42bb90d1fafaedff45b3fa8f16e0559f37d0b4b,7/18(木) 21:35
it_nlab,ねとらぼ,「群馬県で人気のカレー」ランキング！　2位は東武伊勢崎線の剛志駅近くの「ガンガ」、1位は？【2024年7月版】,https://news.yahoo.co.jp/articles/1fa705d273b59dfeea09b9df306ac1a135f95488,7/18(木) 21:30
it_nlab,ねとらぼ,【社会人の男性に聞いた】最高にうまい「松屋フーズグループのお店」ランキング！　2位は「松のや」、1位は？,https://news.yahoo.co.jp/articles/6e9e806a70eea853153ea416f2863a08d2813581,7/18(木) 21:25
it_nlab,ねとらぼ,【30〜40代の女性に聞いた】声が好きな「Snow Man」のメンバーランキング！　2位は「ラウール」、1位は？,https://news.yahoo.co.jp/articles/3ebd4c810439e4ab59bd3330752feec95febf87c,7/18(木) 21:20
it_nlab,ねとらぼ,活動休止発表のグラドル・花咲れあ、今後の不安を吐露　結婚の選択肢にも言及　「やばい印象の女と結婚する人なんて居ないよな」,https://news.yahoo.co.jp/articles/780b5bba79e4abcd7d38653ea44d8babf0f21946,7/18(木) 21:16
it_nlab,ねとらぼ,【40代男性に聞いた】最高にかっこいいと思う「革靴ブランド」ランキング！　2位は同率で「ティンバーランド」と「レッドウィング」、1位は？,https://news.yahoo.co.jp/articles/7f1df2968eee366d779ecd2de0f448053376830b,7/18(木) 21:15
it_nlab,ねとらぼ,「中野区で人気のラーメン」ランキング！　2位はクリーミーな鶏白湯ラーメンで人気の「麺処 次男房 野方本店」、1位は？【2024年7月版】,https://news.yahoo.co.jp/articles/40cc7cd2785480f47951f2e714903c0bf85fbbe0,7/18(木) 21:10
it_nlab,ねとらぼ,アンジャッシュ児嶋、歯にハプニング「前歯折れた」→1時間後にスピード復活　折れた原因も告白,https://news.yahoo.co.jp/articles/b15c8158418a45fa26a6bf746123bac986a572aa,7/18(木) 21:09
it_nlab,ねとらぼ,【北海道・東北在住者が選ぶ】優秀な学生が多いと思う「東京都の私立大学」ランキング！　第2位は「青山学院大学」、1位は？,https://news.yahoo.co.jp/articles/a1b9a557d37d5562319a5af4be38d6b78f3a01bf,7/18(木) 21:05
it_nlab,ねとらぼ,タイムスリップしてきたのか!?　田んぼに現れた“巨大な古代生物”に12万いいね　「なにこれすごい」「見に行きたすぎる」,https://news.yahoo.co.jp/articles/2b943d492107ede8e756e591219d12b5134b8954,7/18(木) 21:00
it_nlab,ねとらぼ,【1分でわかる】着付けのプロが教える「今年こそ自分で浴衣を着る方法」　ひも2本で崩れない簡単着付けが「とっても分かりやすい！」,https://news.yahoo.co.jp/articles/cb775d717f0e092c6c7666797e9a3688993b73c5,7/18(木) 21:00
it_nlab,ねとらぼ,「クーペ」の燃費ランキング！　2位は「ミニ ミニクーペ」、1位は？【2024年7月・カーセンサー調べ】,https://news.yahoo.co.jp/articles/ceeaa1c982a335c2307f5ae26855929421f6705e,7/18(木) 21:00
it_nlab,ねとらぼ,最後まで見たい「2024年の夏アニメ」はどれ？　3作品を紹介！,https://news.yahoo.co.jp/articles/3190932c0eda1e0f373d57a1e33ca4345003b002,7/18(木) 20:55
it_nlab,ねとらぼ,【北海道・東北在住者が選ぶ】「ユニフォームがかっこいいプロ野球チーム」ランキング！　第2位は「東北楽天ゴールデンイーグルス」、1位は？,https://news.yahoo.co.jp/articles/035a14586c0ff5813d30e23ee1847a2e552ca06c,7/18(木) 20:50
it_nlab,ねとらぼ,「注ぎたい、酒を」　プロが氷をカットしたら……　もはや“芸術”な仕上がりに「格好いい」「敬服」と260万再生の反響　「涼しくなれました」,https://news.yahoo.co.jp/articles/51b5d198ca735cfda88b226ef386c8386f32bd51,7/18(木) 20:45
it_nlab,ねとらぼ,「佐賀県で人気のケーキ」ランキング！　2位は伊万里市の老舗店「伊万里スイーツ城月堂」、1位は？【2024年7月版】,https://news.yahoo.co.jp/articles/c8fe4aec960e590fb16275784d73e0b7ee61b7b4,7/18(木) 20:45
it_nlab,ねとらぼ,【50代女性が選ぶ】「Number_iの楽曲」人気ランキング！　2位は「Banana（Take It Lazy）」、1位は？,https://news.yahoo.co.jp/articles/f882240a17b902eda112c895ee66b443aa8388ea,7/18(木) 20:40
it_nlab,ねとらぼ,「日本の家紋」アクセスランキング！　2位は「丸に違い鷹の羽」、1位は？,https://news.yahoo.co.jp/articles/8ef0a34a786507672f8b02665dabb64175085fec,7/18(木) 20:35
it_nlab,ねとらぼ,「本当に美しい」　高圧洗浄機で絵を描いたら……　想像を超える“繊細な作品”が65万回再生の人気【米】,https://news.yahoo.co.jp/articles/abdf02fcf98966416322a8c8bd56cce722610721,7/18(木) 20:30
it_nlab,ねとらぼ,母に「卵焼きみたい」と言われた“台湾カステラ”作り、21回目でついに……　3年がかりの“最終形態”に「今までと全然違う!!」「成功おめでとうございます！」,https://news.yahoo.co.jp/articles/d3b2803eed501f9a8e1a34c0154b4eb7c40856e1,7/18(木) 20:30
it_nlab,ねとらぼ,【女性が選ぶ】チーム名がかっこいいと思う「サッカーJ1リーグのチーム」ランキング！　2位は「アルビレックス新潟」、1位は？,https://news.yahoo.co.jp/articles/fbfbf84f33dc0ac2038584e77c683ad5bcad4fbe,7/18(木) 20:30
it_nlab,ねとらぼ,【40代男性が選ぶ】声優「水樹奈々」が演じたテレビアニメキャラ人気ランキング！　2位は「風鳴翼（戦姫絶唱シンフォギア）」、1位は？,https://news.yahoo.co.jp/articles/f56438e604321ef1f0488641c192fad930fda1c8,7/18(木) 20:25
it_nlab,ねとらぼ,シンガー・ソングライターaiko、デビュー26周年をSNSで報告　「レコーディングでごっつルンルン」「大切な日をスタジオで迎えられて幸せ」,https://news.yahoo.co.jp/articles/335ad2b3e2a70189280921933bd6b0357ea38849,7/18(木) 20:24
it_nlab,ねとらぼ,テレ朝・森山みなみアナ、ボディーラインくっきりのトップス姿に「さすがのスレンダー美人」「みなみ可愛いですよ！」と反響,https://news.yahoo.co.jp/articles/329b90033b7e40fec1f34e75d088e77dd8c969a2,7/18(木) 20:21
it_nlab,ねとらぼ,「G-SHOCK（ジーショック）」おすすめ6選　タフで実用性抜群のモデルを紹介！【2024年7月版】,https://news.yahoo.co.jp/articles/0318d79e9146b94de21584650db088d6d50c6f75,7/18(木) 20:21
it_nlab,ねとらぼ,「大分県で人気のスーパーマーケット」ランキング！　2位は九重町にある品ぞろえや品質が評判の「スーパーかねよし」、1位は？【2024年7月版】,https://news.yahoo.co.jp/articles/9f23f2c52d5b30805f036115b44e3b60b0067b78,7/18(木) 20:20
it_nlab,ねとらぼ,人気グラドル・東雲うみ、“とんでもないフェチ”詰め込んだ写真集撮影を報告　セーラー服姿に「やばくねぇですか？」の声,https://news.yahoo.co.jp/articles/bae3ae61c15a75fcf39ce4c68242245775ae16f5,7/18(木) 20:18
it_nlab,ねとらぼ,「斬新」　古のゲームを“タイパ重視”でアレンジしたら……　“新感覚のブロック崩し”に「一番楽しいとこ省略してて草」とツッコミ,https://news.yahoo.co.jp/articles/6ecb6bd851dc4bad09b98f055e9ac78c3745f1a7,7/18(木) 20:15
it_nlab,ねとらぼ,【60代以上の男性が選ぶ】好きな「NHK東京アナウンス室の女性アナウンサー」人気ランキング！　第2位は「林田理沙」、1位は？,https://news.yahoo.co.jp/articles/3c2b5ebc5aa86770e48bdf87a7e51cf72ada5013,7/18(木) 20:15
it_nlab,ねとらぼ,「乃木坂46」卒業発表の清宮レイ、ブログでファンに“最後のお願い”「悪意はなくともしないでください」,https://news.yahoo.co.jp/articles/b067f62532963b40cbaebc3e233932afabefadb9,7/18(木) 20:13
it_nlab,ねとらぼ,「秋田県で人気のラーメン」ランキング！　2位は大仙市にある「鴨だし中華」が味わえる「中華そば今野」、1位は？【2024年7月版】,https://news.yahoo.co.jp/articles/444606d0d04aa7ecd2e84122b57525e127265d3a,7/18(木) 20:10
it_nlab,ねとらぼ,【難読地名】60代以上が選ぶ「地元民しか読めないと思う千葉県の市町村名」ランキング！　2位は「印旛郡酒々井町」、1位は？,https://news.yahoo.co.jp/articles/832f948df94638e9fc21cb901e15a9879cf30f60,7/18(木) 20:05
it_nlab,ねとらぼ,「パーフェクトボディー」　阿部なつき、ボディーラインあらわなピチT姿に「神話かなんか？」「突き出てる！　エネルギッシュ！」と反響,https://news.yahoo.co.jp/articles/cd578a2cca730ef680c82d8b1a16c87b395954d4,7/18(木) 20:04
it_nlab,ねとらぼ,初代シボレー・コルベットを30年ぶりに洗車したら……　ピカピカに生まれ変わった姿に「私が最も好きなコルベット」「素晴らしい仕事だ」,https://news.yahoo.co.jp/articles/fb8d65824d86f01ba8f47a69ba896ea64e859771,7/18(木) 20:00
it_nlab,ねとらぼ,「保育園の先生に褒められまくってる」　息子のために義母が作ってくれたズボンが「センスある」「かわいい」と大人気,https://news.yahoo.co.jp/articles/a9c6f79fc8c4f83be15e0bee5d144274141b5071,7/18(木) 20:00
it_nlab,ねとらぼ,【地元の社会人が選ぶ】おすすめの「福岡市・天神エリアの屋台」ランキング！　2位は「長浜ラーメンおかもと」、1位は？,https://news.yahoo.co.jp/articles/6cdd1975cc9f2fe3622cc262b82fb16a1683af7b,7/18(木) 20:00
it_nlab,ねとらぼ,【40代男性が選ぶ】「京都ラーメンチェーン」人気ランキング！　第2位は「ラーメン横綱」、1位は？,https://news.yahoo.co.jp/articles/fe7105fe1a4557283a9dffca5b6865872a4cee4e,7/18(木) 19:55
it_nlab,ねとらぼ,「ムーミンのスマホショルダー」おすすめ6選　大人かわいいアイテムをピックアップ！【2024年7月版】,https://news.yahoo.co.jp/articles/3c3342649f367da1ca0164b2be80524046449d09,7/18(木) 19:52
it_nlab,ねとらぼ,【50代男性が選ぶ】ガンダムシリーズ以外の「富野由悠季監督のロボットアニメ」人気ランキング！　2位は「伝説巨神イデオン」、1位は？,https://news.yahoo.co.jp/articles/701810d7b435262c32eae5e8c97c5a7dee36823f,7/18(木) 19:45
it_nlab,ねとらぼ,【男性が選ぶ】最高にかっこいい「マツダの乗用車」ランキング！　2位は「MAZDA ROADSTER RF」、1位は？,https://news.yahoo.co.jp/articles/93179af89ce2491341d5be3c0d4f8816f22fbcc1,7/18(木) 19:40
it_nlab,ねとらぼ,セーヌ川、100年ぶりの遊泳解禁も反応さまざま　クロールでアピールのパリ市長に「私も泳ぎたい」「水の色がまだら」,https://news.yahoo.co.jp/articles/18e8b0d3cff53382e3ef976197f395610dcf6331,7/18(木) 19:37
it_nlab,ねとらぼ,妹が「実はモビルスーツだった」　兄の衝撃（？）投稿にネタ返信続々　ガンダムオタク過ぎるレスに「詳しすぎ」「好きになったわwww」,https://news.yahoo.co.jp/articles/00d616a2792b1136a110a87adb26a5814e8d1a9d,7/18(木) 19:35
it_nlab,ねとらぼ,買い物バッグにもおすすめの「Kitamura（キタムラ）のトートバッグ」6選！　「A4ぴったりサイズ ショッピングバッグ」などを紹介！【2024年7月版】,https://news.yahoo.co.jp/articles/4a717ff0d56da74da1aa055950a0345df9b55ad8,7/18(木) 19:33
it_nlab,ねとらぼ,「恋愛系韓国ドラマ」おすすめ6選！　「私の夫と結婚して」や「ユミの細胞たち」などを紹介！【2024年7月版】,https://news.yahoo.co.jp/articles/c894668df7b9d4ab9aef778a1c2b1118f2edbb74,7/18(木) 19:31
it_nlab,ねとらぼ,「愛知県で人気のディスカウントスーパー」ランキング！　2位は豊橋にある激安スーパー「ラ・ムー 豊橋店」、1位は？【2024年7月版】,https://news.yahoo.co.jp/articles/6a867940b2ac61bc8174c34a0c339bc698dd4677,7/18(木) 19:30
it_nlab,ねとらぼ,【男性が選ぶ】面白かったと思う「2024年1月〜6月公開のアニメ映画」ランキング！　2位は「機動戦士ガンダムSEED FREEDOM」、1位は？,https://news.yahoo.co.jp/articles/c156aa1bd4d4ce59a2c4f1dab31f2432fd4a7dfc,7/18(木) 19:25
it_nlab,ねとらぼ,「買ってよかったサンダル」7選！　「ワークマン」「無印良品」「Telic（テリック）」など、編集部員が本当におすすめしたい商品を紹介！【2024年7月最新版】,https://news.yahoo.co.jp/articles/31101d315db1a7c5f8c9db0487083c6e7f143eea,7/18(木) 19:20
it_nlab,ねとらぼ,松本まりか、おなかふっくらな“夫婦ショット”も……「素敵なご夫婦に見えるのに」「お幸せそうなのに」,https://news.yahoo.co.jp/articles/af98647ba4485b60ef0632095feb03f39374974e,7/18(木) 19:18
it_nlab,ねとらぼ,【60代に聞いた】日本一だと思う「ボーカリスト」ランキング！　2位は「MISIA」、1位は？,https://news.yahoo.co.jp/articles/1f6e1d415f56990c3ac912c9d40b32fd9f350bd7,7/18(木) 19:15
it_nlab,ねとらぼ,最近評価の高い「山形のラーメン店」人気ランキング！　2位は「酒田ラーメン 照月」、1位は？【2024年7月18日時点の評価／ラーメンデータベース】,https://news.yahoo.co.jp/articles/306a2928b5f59b15f0988e43571bbc8517c14836,7/18(木) 19:10
it_nlab,ねとらぼ,【女性が選んだ】最高にうまいと思う「冷凍から揚げ」ランキング！　2位は「若鶏竜田揚げ（ニチレイ）」、1位は？,https://news.yahoo.co.jp/articles/7fb8c80ab6aec8eddf3c65275523f2dbef8b4130,7/18(木) 19:05
it_nlab,ねとらぼ,ヤンマーのアニメ「未ル　わたしのみらい」が2025年春に地上波で放送決定　アニメスタジオ5社が参画しオムニバス形式の全5話,https://news.yahoo.co.jp/articles/01d9395ef0258313f23c18b7ca07725c4936876b,7/18(木) 19:03
it_nlab,ねとらぼ,【関東在住者が選ぶ】回らない寿司くらいうまいと思う「回転寿司チェーン」ランキング！　2位は「がってん寿司」、1位は？,https://news.yahoo.co.jp/articles/795781a876b32cd8e9ec4b6f8acf47adc6539713,7/18(木) 19:00
it_nlab,ねとらぼ,【30・40代の男性が選ぶ】日本地図のどこにあるか答えられない「都道府県」ランキング！　「鳥取県」と並ぶ同率1位は？,https://news.yahoo.co.jp/articles/93b5c26a03e8e48378b348eb8571d174c2a2b9a1,7/18(木) 18:55
it_nlab,ねとらぼ,「岡山県で人気の洋菓子」ランキング！　2位はこだわりの厳選素材を使用している「natural sweets nature」、1位は？【2024年7月版】,https://news.yahoo.co.jp/articles/a90e514ef187a107d47550e737bb07273900134a,7/18(木) 18:50
it_nlab,ねとらぼ,【60〜70代が選ぶ】レトルトとは思えないうまさの「レトルトカレー」ランキング！　2位は「ボンカレーゴールド」と「ジャワカレー」、1位は？,https://news.yahoo.co.jp/articles/7915cf8d441a2736e4517c858c27a610eecdb289,7/18(木) 18:45
it_nlab,ねとらぼ,【地元の女性に聞いた】優秀な学生が多いと思う「愛知県の私立大学」ランキング！　2位は「名城大学」「愛知医科大学」、1位は？,https://news.yahoo.co.jp/articles/26705118954899441914b49b899f022b65cf3bf5,7/18(木) 18:40
it_nlab,ねとらぼ,【社会人に聞いた】「最強の洗濯用洗剤」ランキング！　第2位は「アタックZERO」、1位は？,https://news.yahoo.co.jp/articles/9a095588d048187ce5fd5cb1ab2fd0647c599429,7/18(木) 18:35
it_nlab,ねとらぼ,「熊本県で人気のバイキング（ビュッフェ）」ランキング！　2位はランチ・ディナータイムともに前菜がバイキング形式の「キャナリィ・ロウ熊本店」、1位は？【2024年7月版】,https://news.yahoo.co.jp/articles/6718b141cf39f4a09b9196608faf655aaf97d6ff,7/18(木) 18:30
it_nlab,ねとらぼ,【男性が選ぶ】「そば」がマジでうまいと思う都道府県ランキング！　2位は「福井県」、1位は？,https://news.yahoo.co.jp/articles/0d51e8c64966e7515ed33fe7f25612fc668b3914,7/18(木) 18:25
it_nlab,ねとらぼ,アニメ「まほあこ」、初の大型イベント「まほあこSM大感謝祭」開催へ　「とんでもねぇ名前で草」「SM絶対狙ってて草」,https://news.yahoo.co.jp/articles/96895287a54050222fe0f1b780e71366ca1a5d3a,7/18(木) 18:24
it_nlab,ねとらぼ,【30代以下に聞いた】最高にうまい「Pascoの菓子パン」ランキング！　2位は「うずまきデニッシュ」、1位は？,https://news.yahoo.co.jp/articles/68cd9b74e3c81563c535ae67b9344ef7c033e37d,7/18(木) 18:20
it_nlab,ねとらぼ,【40代男性が選ぶ】永住したい「神奈川県の街」ランキング！　2位は「茅ヶ崎市」、1位は？,https://news.yahoo.co.jp/articles/82b676bd6366fe757ef088bf24665499afdf676c,7/18(木) 18:15
it_nlab,ねとらぼ,【30代以下が選んだ】チャーハンがおいしい「中華・ラーメンチェーン」ランキング！　2位は「天下一品」「バーミヤン」、1位は？,https://news.yahoo.co.jp/articles/686bdf54a5b651b06bf89b11c98a4b26af1edd66,7/18(木) 18:10
it_nlab,ねとらぼ,マクドナルドから大切な“御報告”!?　結婚報告風のプロモに「これからもお幸せに」,https://news.yahoo.co.jp/articles/40f692cd587ae1957839f93be45079ced3ca122c,7/18(木) 18:05
it_nlab,ねとらぼ,【30代以下が選ぶ】ナンバープレートにしたらかっこいいと思う「山口県の地名」ランキング！　2位は「岩国」、1位は？,https://news.yahoo.co.jp/articles/789239dca162ddb63fb9fe59ce5bcdb50c241210,7/18(木) 18:05
it_nlab,ねとらぼ,「JYPエンターテインメント所属アーティスト」人気ランキング！　2位は「Stray Kids」、1位は？,https://news.yahoo.co.jp/articles/a5fc44a4261d878772c2d59c6d8e6b844ccbc4cb,7/18(木) 18:00
it_nlab,ねとらぼ,「松のやの定食メニュー」人気ランキング！　2位は「タルタルチキンかつ定食」、1位は？,https://news.yahoo.co.jp/articles/05def6ff672c3b43f9d94b635ad0b6215c06ff12,7/18(木) 17:55
it_nlab,ねとらぼ,PayPayほけんの「熱中症お見舞い金」、加入が前年の3倍超えるペースに　真夏日が続いたため,https://news.yahoo.co.jp/articles/1e4a938995d1df9a9f5bcc3b0dd4e6e5f89e3e98,7/18(木) 17:45
it_nlab,ねとらぼ,「函館で人気の寿司」ランキング！　2位は道南で水揚げされたネタを中心に提供する「大門 福寿し」、1位は？【2024年7月版】,https://news.yahoo.co.jp/articles/fec00116613c5879e1e0e2bc9086fb9d4f312aea,7/18(木) 17:45
