media_en,media_jp,title_articles,date_original
driverweb,ドライバーWeb,なぜこうなった？　スズキの新型SUV「フロンクス」…並みいるライバルの中に埋もれないユニークなデザイン開発の裏側,10/16(水) 12:05
driverweb,ドライバーWeb,スズキがエステーと車内用の消臭芳香剤を共同開発。両社がコラボした理由とは？,10/15(火) 21:30
driverweb,ドライバーWeb,三菱ふそうが新大型トラックの排気量を10.7Lから12.8Lに拡大した理由とは？,9/25(水) 20:30
driverweb,ドライバーWeb,第3のN-BOX、ジョイの詳細が公表。後席を倒して出現する「ふらっとテラス」とは？,9/19(木) 11:00
driverweb,ドライバーWeb,スバル、軽スーパーハイトワゴンに「アクティブ系」追加…その名も「シフォン トライ」,9/10(火) 17:30
driverweb,ドライバーWeb,三菱系3社が出資した新会社「イブニオン」がEV総合サービスのオンラインプラットフォームを2024年10月に開設,9/4(水) 21:00
driverweb,ドライバーWeb,三菱ふそう、車両製造部品の物流管理の効率化を目指すプロジェクトを開始,8/22(木) 18:30
driverweb,ドライバーWeb,【動画あり】ついに日本仕様！マツダ、新型フラッグシップSUV「CX-80」を公開…トノカバーにも工夫,8/22(木) 11:30
driverweb,ドライバーWeb,ホンダ N-BOX JOY（ジョイ）のシートはチェック柄！　先行情報を公開,8/22(木) 11:00
driverweb,ドライバーWeb,大阪・兵庫、固定式オービスの設定速度が下げられた？　都道府県別の整備数と撮影枚数から推測,8/3(土) 17:00
driverweb,ドライバーWeb,日産とホンダで何をやる？　会見で示された5領域の中身,8/1(木) 21:44
driverweb,ドライバーWeb,自動車のカタログ好きは集まれ！　ACC・JAPANがイベントを開催,7/27(土) 12:00
driverweb,ドライバーWeb,スズキ、新型スペーシア ギアを先行公開！　専用サイトがオープン,7/25(木) 17:30
driverweb,ドライバーWeb,日本専用「4WD設定」にサンクス、フロンクス！　スズキの新型コンパクトSUV実車確認,7/25(木) 11:00
driverweb,ドライバーWeb,自転車で“ひょっこり”妨害運転、2度の実刑判決を受けながら、なぜまたやった？,7/24(水) 19:40
driverweb,ドライバーWeb,【トヨタもスバルも敵わなかった】新井大輝、地元群馬で完勝！　まさかのミスを帳消しに【JRC第5戦モントレー2024】,7/3(水) 19:00
driverweb,ドライバーWeb,スズキ、インド製のコンパクトSUVを日本導入…「新型フロンクス」は2024年秋ごろ発売,7/1(月) 10:30
driverweb,ドライバーWeb,スカニアジャパンの新大型トラック「スーパー」はスポーツカーも採用するメカを起用,6/26(水) 19:00
driverweb,ドライバーWeb,スバル、最新モデルに見る「ぶつからないクルマ」を目指した取り組みとは？,6/26(水) 11:00
driverweb,ドライバーWeb,トヨタ、マツダ、スバルが「それぞれ」新エンジンを開発…「今さら？」なんて言わせない理由,5/28(火) 15:00
driverweb,ドライバーWeb,ホンダ、EV「0シリーズ」7車種の投入スケジュールが判明,5/23(木) 12:00
driverweb,ドライバーWeb,レクサスの高級ミニバン「LM」に待望の「6人乗り」登場…価格は1500万円！,5/9(木) 13:30
driverweb,ドライバーWeb,ホンダ、新型フリードを公開。e:HEVを採用し先進安全装備も進化。盤石の体制で6月にデビュー,5/9(木) 11:00
driverweb,ドライバーWeb,三菱デボネア誕生60周年。知られざる命名のエピソード,4/26(金) 12:00
driverweb,ドライバーWeb,自動車のカタログ好きは集まれ！　ACC・JAPANが東京交歓会を開催,4/25(木) 21:30
driverweb,ドライバーWeb,ホンダの売れ筋SUVがマイナーチェンジ！ヴェゼルの新機種「ハント」のインテリアが挑戦的だった,4/25(木) 12:30
